"1	тру	тру	ADJ	_	Animacy=|Case=Nom|Gender=Neut|Number=Sing	_	_	_	@mt1995f-words#@mt1995f#9.298#9.674"
"2	стори	стори	NOUN	_	Animacy=Inan|Case=Nom|Gender=Fem|Number=Sing	_	_	_	@mt1995f-words#@mt1995f#9.674#10.05"
"3	эээ	эээ	X	_	Foreign=Yes	_	_	_	@mt1995f-words#@mt1995f#10.05#10.426"
"4	листаю	листать	VERB	_	Aspect=Imp|Mood=Ind|Number=Sing|Person=1|Tense=Pres|VerbForm=Fin|Voice=Act	_	_	_	@mt1995f-words#@mt1995f#10.426#10.802"
"5	я	я	PRON	_	Case=Nom|Number=Sing|Person=1	_	_	_	@mt1995f-words#@mt1995f#10.802#11.178"
"6	инстаграм	инстаграм	NOUN	_	Animacy=Anim|Case=Acc|Gender=Masc|Number=Plur	_	_	_	@mt1995f-words#@mt1995f#11.178#11.554"
"7	и	и	CCONJ	_	_	_	_	_	@mt1995f-words#@mt1995f#11.554#11.93"
"8	вдруг	вдруг	ADV	_	Degree=Pos	_	_	_	@mt1995f-words#@mt1995f#11.93#12.306"
"9	вижу	видеть	VERB	_	Aspect=Imp|Mood=Ind|Number=Sing|Person=1|Tense=Pres|VerbForm=Fin|Voice=Act	_	_	_	@mt1995f-words#@mt1995f#12.306#12.682"
"10	обложку	обложка	NOUN	_	Animacy=Inan|Case=Acc|Gender=Fem|Number=Sing	_	_	_	@mt1995f-words#@mt1995f#12.682#13.058"
"11	Любовь	Любовь	PNOUN	_	Animacy=Anim|Case=Acc|Gender=Fem|Number=Sing	_	_	_	@mt1995f-words#@mt1995f#13.058#13.434"
"12	/	/	PUNCT	_	_	_	_	_	@mt1995f-words#@mt1995f#13.434#13.81"
"13	Аксенова	Аксенов	PNOUN	_	Animacy=Anim|Case=Acc|Gender=Masc|Number=Sing	_	_	_	@mt1995f-words#@mt1995f#13.81#14.186"
"14	я	я	PRON	_	Case=Nom|Number=Sing|Person=1	_	_	_	@mt1995f-words#@mt1995f#14.186#14.562"
"15	не	не	PART	_	_	_	_	_	@mt1995f-words#@mt1995f#14.562#14.938"
"16	понимала	понимать	VERB	_	Aspect=Imp|Gender=Fem|Mood=Ind|Number=Sing|Tense=Past|VerbForm=Fin|Voice=Act	_	_	_	@mt1995f-words#@mt1995f#14.938#15.314"
"17	каково	какой	SCONJ	_	Case=Gen|Gender=Neut|Number=Sing	_	_	_	@mt1995f-words#@mt1995f#15.314#15.69"
"18	это	это	PRON	_	Animacy=Inan|Case=Nom|Gender=Neut|Number=Sing	_	_	_	@mt1995f-words#@mt1995f#15.69#16.066"
"19	быть	быть	VERB	_	Aspect=Imp|VerbForm=Inf|Voice=Act	_	_	_	@mt1995f-words#@mt1995f#16.066#16.442"
"20	одной	один	PRON	_	Case=Gen|Gender=Fem	_	_	_	@mt1995f-words#@mt1995f#16.442#16.818"
"21	тут	тут	ADV	_	Degree=Pos	_	_	_	@mt1995f-words#@mt1995f#16.818#17.194"
"22	же	же	PART	_	_	_	_	_	@mt1995f-words#@mt1995f#17.194#17.57"
"23	мчу	мчать	VERB	_	Animacy=Anim|Case=Dat|Gender=Masc|Number=Sing	_	_	_	@mt1995f-words#@mt1995f#17.57#17.946"
"24	в	в	ADP	_	_	_	_	_	@mt1995f-words#@mt1995f#17.946#18.322"
"25	магазин	магазин	NOUN	_	Animacy=Inan|Case=Acc|Gender=Masc|Number=Sing	_	_	_	@mt1995f-words#@mt1995f#18.322#18.698"
"26	серьезно	серьезно	ADV	_	Degree=Pos	_	_	_	@mt1995f-words#@mt1995f#18.698#19.074"
"27	тебе	ты	PRON	_	Case=Dat|Number=Sing|Person=2	_	_	_	@mt1995f-words#@mt1995f#19.074#19.45"
"28	говорю	говорить	VERB	_	Aspect=Imp|Mood=Ind|Number=Sing|Person=1|Tense=Pres|VerbForm=Fin|Voice=Act	_	_	_	@mt1995f-words#@mt1995f#19.45#19.844"
"29	мчу	мчать  VERB	_	Animacy=Anim|Case=Dat|Gender=Masc|Number=Sing	_	_	_	@mt1995f-words#@mt1995f#19.861#20.2"
"30	в	в	ADP	_	_	_	_	_	@mt1995f-words#@mt1995f#20.2#20.539"
"31	магазин	магазин	NOUN	_	Animacy=Inan|Case=Acc|Gender=Masc|Number=Sing	_	_	_	@mt1995f-words#@mt1995f#20.539#20.878"
"32	думая	думать	VERB	_	Aspect=Imp|Tense=Pres|VerbForm=Conv|Voice=Act	_	_	_	@mt1995f-words#@mt1995f#20.878#21.217"
"33	что	что	SCONJ	_	_	_	_	_	@mt1995f-words#@mt1995f#21.217#21.556"
"34	блин	блин	INTJ	_	Animacy=Inan|Case=Nom|Gender=Masc|Number=Sing	_	_	_	@mt1995f-words#@mt1995f#21.556#21.895"
"35	Люба	Люба	PROPN	_	Animacy=Anim|Case=Gen|Gender=Masc|Number=Sing	_	_	_	@mt1995f-words#@mt1995f#21.895#22.234"
"36	разводится	разводиться	VERB	_	Aspect=Imp|Mood=Ind|Number=Sing|Person=3|Tense=Pres|VerbForm=Fin|Voice=Mid	_	_	_	@mt1995f-words#@mt1995f#22.234#22.573"
"37	чтооо	чтооо	PRON	_	Degree=Pos	_	_	_	@mt1995f-words#@mt1995f#22.573#22.912"
"38	/	/	PUNCT	_	_	_	_	_	@mt1995f-words#@mt1995f#22.912#23.251"
"39	быть	быть	VERB	_	Aspect=Imp|VerbForm=Inf|Voice=Act	_	_	_	@mt1995f-words#@mt1995f#23.251#23.59"
"40	того	то	PRON	_	Animacy=Inan|Case=Gen|Gender=Neut|Number=Sing	_	_	_	@mt1995f-words#@mt1995f#23.59#23.929"
"41	не	не	PART	_	_	_	_	_	@mt1995f-words#@mt1995f#23.929#24.268"
"42	может	мочь	VERB	_	Aspect=Imp|Mood=Ind|Number=Sing|Person=3|Tense=Pres|VerbForm=Fin|Voice=Act	_	_	_	@mt1995f-words#@mt1995f#24.268#24.607"
"43	открываю	открывать	VERB	_	Aspect=Imp|Mood=Ind|Number=Sing|Person=1|Tense=Pres|VerbForm=Fin|Voice=Act	_	_	_	@mt1995f-words#@mt1995f#24.607#24.946"
"44	а	а	CCONJ	_	_	_	_	_	@mt1995f-words#@mt1995f#24.946#25.285"
"45	там	там	ADV	_	Degree=Pos	_	_	_	@mt1995f-words#@mt1995f#25.285#25.624"
"46	/	/	PUNCT	_	_	_	_	_	@mt1995f-words#@mt1995f#25.624#25.963"
"47	оказывается	оказываться	VERB	_	Aspect=Imp|Mood=Ind|Number=Sing|Person=3|Tense=Pres|VerbForm=Fin|Voice=Mid	_	_	_	@mt1995f-words#@mt1995f#25.963#26.302"
"48	что	что	SCONJ	_	Case=Acc	_	_	_	@mt1995f-words#@mt1995f#26.302#26.641"
"49	вы	вы	PRON	_	Case=Nom|Number=Plur|Person=2	_	_	_	@mt1995f-words#@mt1995f#26.641#26.98"
"50	договорились	договориться	VERB	_	Aspect=Perf|Mood=Ind|Number=Plur|Tense=Past|VerbForm=Fin|Voice=Mid	_	_	_	@mt1995f-words#@mt1995f#26.98#27.319"
"51	на	на	ADP	_	_	_	_	_	@mt1995f-words#@mt1995f#27.319#27.658"
"52	месяц	месяц	NOUN	_	Animacy=Inan|Case=Acc|Gender=Masc|Number=Sing	_	_	_	@mt1995f-words#@mt1995f#27.658#27.997"
"53	/	/	PUNCT	_	_	_	_	_	@mt1995f-words#@mt1995f#27.997#28.336"
"54	что	что	SCONJ	_	Case=Acc	_	_	_	@mt1995f-words#@mt1995f#28.336#28.675"
"55	ты	ты	PRON	_	Case=Nom|Number=Sing|Person=2	_	_	_	@mt1995f-words#@mt1995f#28.675#29.014"
"56	на	на	ADP	_	_	_	_	_	@mt1995f-words#@mt1995f#29.014#29.353"
"57	время	время	NOUN	_	Animacy=Inan|Case=Acc|Gender=Neut|Number=Sing	_	_	_	@mt1995f-words#@mt1995f#29.353#29.692"
"58	съемок	съемка	NOUN	_	Animacy=Inan|Case=Gen|Gender=Fem|Number=Plur	_	_	_	@mt1995f-words#@mt1995f#29.692#30.031"
"59	нового	новый	ADJ	_	Case=Gen|Degree=Pos|Gender=Masc|Number=Sing	_	_	_	@mt1995f-words#@mt1995f#30.031#30.37"
"60	фильма	фильм	NOUN	_	Animacy=Inan|Case=Gen|Gender=Masc|Number=Sing	_	_	_	@mt1995f-words#@mt1995f#30.37#30.709"
"61	Без	без	ADP	_	_	_	_	_	@mt1995f-words#@mt1995f#30.709#31.048"
"62	меня	я	PRON	_	Case=Gen|Number=Sing|Person=1	_	_	_	@mt1995f-words#@mt1995f#31.048#31.387"
"63	уезжаешь	уезжать	VERB	_	Aspect=Imp|Mood=Ind|Number=Sing|Person=2|Tense=Pres|VerbForm=Fin|Voice=Act	_	_	_	@mt1995f-words#@mt1995f#31.387#31.726"
"64	от	от	ADP	_	_	_	_	_	@mt1995f-words#@mt1995f#31.726#32.065"
"65	мужа	муж	NOUN	_	Animacy=Anim|Case=Gen|Gender=Masc|Number=Sing	_	_	_	@mt1995f-words#@mt1995f#32.065#32.416"
"66	как	как	ADV	_	_	_	_	_	@mt1995f-words#@mt1995f#33.111#33.445"
"67	ты	ты	PRON	_	Case=Nom|Number=Sing|Person=2	_	_	_	@mt1995f-words#@mt1995f#33.445#33.779"
"68	предложила	предложить	VERB	_	Aspect=Perf|Gender=Fem|Mood=Ind|Number=Sing|Tense=Past|VerbForm=Fin|Voice=Act	_	_	_	@mt1995f-words#@mt1995f#33.779#34.113"
"69	это	это	PRON	_	Animacy=Inan|Case=Nom|Gender=Neut|Number=Sing	_	_	_	@mt1995f-words#@mt1995f#34.113#34.447"
"70	вообще	вообще	ADV	_	Degree=Pos	_	_	_	@mt1995f-words#@mt1995f#34.447#34.781"
"71	/	/	PUNCT	_	_	_	_	_	@mt1995f-words#@mt1995f#34.781#35.115"
"72	и	и	CCONJ	_	_	_	_	_	@mt1995f-words#@mt1995f#35.115#35.449"
"73	расскажи	рассказать	VERB	_	Aspect=Perf|Mood=Imp|Number=Sing|Person=2|VerbForm=Fin|Voice=Act	_	_	_	@mt1995f-words#@mt1995f#35.449#35.783"
"74	/	/	PUNCT	_	_	_	_	_	@mt1995f-words#@mt1995f#35.783#36.117"
"75	вот	вот	PART	_	_	_	_	_	@mt1995f-words#@mt1995f#36.117#36.451"
"76	ты	ты	PRON	_	Case=Nom|Number=Sing|Person=2	_	_	_	@mt1995f-words#@mt1995f#36.451#36.785"
"77	предлагаешь	предлагать	VERB	_	Aspect=Imp|Mood=Ind|Number=Sing|Person=2|Tense=Pres|VerbForm=Fin|Voice=Act	_	_	_	@mt1995f-words#@mt1995f#36.785#37.119"
"78	и	и	CCONJ	_	_	_	_	_	@mt1995f-words#@mt1995f#37.119#37.453"
"79	что	что	PRON	_	Case=Nom	_	_	_	@mt1995f-words#@mt1995f#37.453#37.787"
"80	дальше	дальше	ADV	_	Degree=Pos	_	_	_	@mt1995f-words#@mt1995f#37.787#38.121"
"81	/	/	PUNCT	_	_	_	_	_	@mt1995f-words#@mt1995f#38.121#38.455"
"82	давай-ка	давай-ка	PART	_	_	_	_	_	@mt1995f-words#@mt1995f#38.455#38.789"
"83	мы	мы	PRON	_	Case=Nom|Number=Plur|Person=1	_	_	_	@mt1995f-words#@mt1995f#38.789#39.123"
"84	с	с	ADP	_	_	_	_	_	@mt1995f-words#@mt1995f#39.123#39.457"
"85	тобой	ты	PRON	_	Case=Ins|Number=Sing|Person=2	_	_	_	@mt1995f-words#@mt1995f#39.457#39.791"
"86	разъедемся	разъехаться	VERB	_	Aspect=Perf|Mood=Ind|Number=Plur|Person=1|Tense=Fut|VerbForm=Fin|Voice=Mid	_	_	_	@mt1995f-words#@mt1995f#39.791#40.129"
"87	ну	ну	PART	_	_	_	_	_	@mt1995f-words#@mt1995f#45.687#46.195"
"88	да	да	INTJ	_	_	_	_	_	@mt1995f-words#@mt1995f#46.195#46.703"
"89	#смеются#	#смеются#	X	_	Animacy=Inan|Case=Gen|Gender=Fem|Number=Sing	_	_	_	@mt1995f-words#@mt1995f#46.703#47.211"
"90	давай-ка	давай-ка	INTJ	_	_	_	_	_	@mt1995f-words#@mt1995f#47.211#47.719"
"91	ты	ты	PRON	_	Case=Nom|Number=Sing|Person=2	_	_	_	@mt1995f-words#@mt1995f#47.719#48.227"
"92	уедешь	уехать	VERB	_	Aspect=Imp|Mood=Ind|Number=Sing|Person=2|Tense=Pres|VerbForm=Fin|Voice=Act	_	_	_	@mt1995f-words#@mt1995f#48.227#48.735"
"93	сколько	сколько	NUM	_	_	_	_	_	@mt1995f-words#@mt1995f#95.52#95.853"
"94	/	/	PUNCT	_	_	_	_	_	@mt1995f-words#@mt1995f#95.853#96.186"
"95	восемь	восемь	NUM	_	Degree=Pos	_	_	_	@mt1995f-words#@mt1995f#96.186#96.52"
"96	а	а	CCONJ	_	_	_	_	_	@mt1995f-words#@mt1995f#103.88#104.015"
"97	здесь	здесь	ADV	_	Degree=Pos	_	_	_	@mt1995f-words#@mt1995f#104.015#104.15"
"98	даже	даже	PART	_	_	_	_	_	@mt1995f-words#@mt1995f#104.15#104.285"
"99	нельзя	нельзя	PRED	_	Degree=Pos	_	_	_	@mt1995f-words#@mt1995f#104.285#104.42"
"100	было	быть	AUX	_	Aspect=Imp|Gender=Neut|Mood=Ind|Number=Sing|Tense=Past|VerbForm=Fin|Voice=Act	_	_	_	@mt1995f-words#@mt1995f#104.42#104.555"
"101	ни	ни	CCONJ	_	_	_	_	_	@mt1995f-words#@mt1995f#104.555#104.69"
"102	звонков	звонок	NOUN	_	Animacy=Inan|Case=Gen|Gender=Masc|Number=Plur	_	_	_	@mt1995f-words#@mt1995f#104.69#104.825"
"103	/	/	PUNCT	_	_	_	_	_	@mt1995f-words#@mt1995f#104.825#104.96"
"104	ни	ни	CCONJ	_	_	_	_	_	@mt1995f-words#@mt1995f#104.96#105.095"
"105	перепис...	перепис...	X	_	_	_	_	_	@mt1995f-words#@mt1995f#105.095#105.23"
"106	?	?	PUNCT	_	_	_	_	_	@mt1995f-words#@mt1995f#105.23#105.375"
"107	ну	ну	PART	_	_	_	_	_	@mt1995f-words#@mt1995f#122.24#122.44"
"108	насколько	насколько	SCONJ	_	_	_	_	_	@mt1995f-words#@mt1995f#122.44#122.64"
"109	я	я	PRON	_	Case=Nom|Number=Sing|Person=1	_	_	_	@mt1995f-words#@mt1995f#122.64#122.84"
"110	знаю	знать	VERB	_	Aspect=Imp|Mood=Ind|Number=Sing|Person=1|Tense=Pres|VerbForm=Fin|Voice=Act	_	_	_	@mt1995f-words#@mt1995f#122.84#123.04"
"111	не	не	PART	_	_	_	_	_	@mt1995f-words#@mt1995f#123.04#123.24"
"112	выдержали	выдержать	VERB	_	Aspect=Perf|Mood=Ind|Number=Plur|Tense=Past|VerbForm=Fin|Voice=Act	_	_	_	@mt1995f-words#@mt1995f#123.24#123.44"
"113	вы	вы	PRON	_	Case=Nom|Number=Plur|Person=2	_	_	_	@mt1995f-words#@mt1995f#123.44#123.64"
"114	все-таки	все-таки	PART	_	Case=Nom|Number=Plur	_	_	_	@mt1995f-words#@mt1995f#123.64#123.84"
"116	/	/	PUNCT	_	_	_	_	_	@mt1995f-words#@mt1995f#124.04#124.24"
"117	две	два	NUM	_	Animacy=Inan|Case=Acc|Gender=Fem	_	_	_	@mt1995f-words#@mt1995f#124.64#125.14"
"118	недели	неделя	NOUN	_	Animacy=Inan|Case=Gen|Gender=Fem|Number=Sing	_	_	_	@mt1995f-words#@mt1995f#125.14#125.64"
"119	всего	вcего	ADV	_	Case=Gen|Gender=Masc|Number=Sing	_	_	_	@mt1995f-words#@mt1995f#125.64#126.14"
"120	#смеются#	#смеются#	X	_	_	_	_	_	@mt1995f-words#@mt1995f#126.14#126.64"
"121	ты	ты	PRON	_	Case=Nom|Number=Sing|Person=2	_	_	_	@mt1995f-words#@mt1995f#2023.88#2024.19"
"122	любишь	любить	VERB	_	Aspect=Imp|Mood=Ind|Number=Sing|Person=2|Tense=Pres|VerbForm=Fin|Voice=Act	_	_	_	@mt1995f-words#@mt1995f#2024.19#2024.5"
"123	/	/	PUNCT	_	_	_	_	_	@mt1995f-words#@mt1995f#2024.5#2024.81"
"124	менять	менять	VERB	_	Aspect=Imp|VerbForm=Inf|Voice=Act	_	_	_	@mt1995f-words#@mt1995f#2024.81#2025.12"
"125	свою	свой	DET	_	Case=Acc|Gender=Fem|Number=Sing	_	_	_	@mt1995f-words#@mt1995f#2025.12#2025.43"
"126	жизнь	жизнь	NOUN	_	Animacy=Inan|Case=Acc|Gender=Fem|Number=Sing	_	_	_	@mt1995f-words#@mt1995f#2025.43#2025.74"
"127	каким-то	какой-то	DET	_	Case=Ins|Gender=Masc|Number=Sing	_	_	_	@mt1995f-words#@mt1995f#2025.74#2026.05"
"128	образом	образ	NOUN	_	Animacy=Inan|Case=Ins|Gender=Masc|Number=Sing	_	_	_	@mt1995f-words#@mt1995f#2026.05#2026.36"
"129	для	для	ADP	_	_	_	_	_	@mt1995f-words#@mt1995f#2026.36#2026.67"
"130	того	то	PRON	_	Animacy=Inan|Case=Gen|Gender=Neut|Number=Sing	_	_	_	@mt1995f-words#@mt1995f#2026.67#2026.98"
"131	чтобы	чтобы	SCONJ	_	Mood=Cnd	_	_	_	@mt1995f-words#@mt1995f#2026.98#2027.29"
"132	там	там	PART	_	Degree=Pos	_	_	_	@mt1995f-words#@mt1995f#2027.29#2027.6"
"133	/	/	PUNCT	_	_	_	_	_	@mt1995f-words#@mt1995f#2027.6#2027.91"
"134	вжиться	вжиться	VERB	_	Aspect=Perf|VerbForm=Inf|Voice=Mid	_	_	_	@mt1995f-words#@mt1995f#2027.91#2028.22"
"135	в	в	ADP	_	_	_	_	_	@mt1995f-words#@mt1995f#2028.22#2028.53"
"136	персонажа	персонаж	NOUN	_	Animacy=Inan|Case=Gen|Gender=Masc|Number=Sing	_	_	_	@mt1995f-words#@mt1995f#2028.53#2028.84"
"137	/	/	PUNCT	_	_	_	_	_	@mt1995f-words#@mt1995f#2028.84#2029.15"
"138	сыграть	сыграть	VERB	_	Aspect=Perf|VerbForm=Inf|Voice=Act	_	_	_	@mt1995f-words#@mt1995f#2029.15#2029.46"
"139	кого-то	кто-то	PRON	_	Case=Acc	_	_	_	@mt1995f-words#@mt1995f#2029.46#2029.77"
"140	/	/	PUNCT	_	_	_	_	_	@mt1995f-words#@mt1995f#2029.77#2030.08"
"141	и	и	CCONJ	_	_	_	_	_	@mt1995f-words#@mt1995f#2030.08#2030.39"
"142	ты	ты	PRON	_	Case=Nom|Number=Sing|Person=2	_	_	_	@mt1995f-words#@mt1995f#2030.39#2030.7"
"143	как-то	как-то	ADV	_	Degree=Pos	_	_	_	@mt1995f-words#@mt1995f#2030.7#2031.01"
"144	себя	себя	PRON	_	Case=Acc	_	_	_	@mt1995f-words#@mt1995f#2031.01#2031.32"
"145	немножко	немножко	ADV	_	Degree=Pos	_	_	_	@mt1995f-words#@mt1995f#2031.32#2031.63"
"146	перестраиваешь	перестраивать	VERB	_	Aspect=Imp|Mood=Ind|Number=Sing|Person=2|Tense=Pres|VerbForm=Fin|Voice=Act	_	_	_	@mt1995f-words#@mt1995f#2031.63#2031.94"
"147	/	/	PUNCT	_	_	_	_	_	@mt1995f-words#@mt1995f#2031.94#2032.25"
"148	вот	вот	PART	_	_	_	_	_	@mt1995f-words#@mt1995f#2032.25#2032.56"
"149	в	в	ADP	_	_	_	_	_	@mt1995f-words#@mt1995f#2032.56#2032.87"
"150	сериале	сериал	NOUN	_	Animacy=Inan|Case=Loc|Gender=Masc|Number=Sing	_	_	_	@mt1995f-words#@mt1995f#2032.87#2033.18"
"151	бывшие	бывший	SNOUN	_	Aspect=Imp|Case=Nom|Number=Plur|Tense=Past|VerbForm=Part|Voice=Act	_	_	_	@mt1995f-words#@mt1995f#2033.18#2033.49"
"152	как	как	PRON	_	Degree=Pos	_	_	_	@mt1995f-words#@mt1995f#2033.49#2033.8"
"153	это	это	PRON	_	Animacy=Inan|Case=Nom|Gender=Neut|Number=Sing	_	_	_	@mt1995f-words#@mt1995f#2033.8#2034.11"
"154	было	быть	AUX	_	Aspect=Imp|Gender=Neut|Mood=Ind|Number=Sing|Tense=Past|VerbForm=Fin|Voice=Act	_	_	_	@mt1995f-words#@mt1995f#2034.11#2034.42"
"155	/	/	PUNCT	_	_	_	_	_	@mt1995f-words#@mt1995f#2034.42#2034.73"
"156	я	я	PRON	_	Case=Nom|Number=Sing|Person=1	_	_	_	@mt1995f-words#@mt1995f#2034.73#2035.04"
"157	смотрела	смотреть	VERB	_	Aspect=Imp|Gender=Fem|Mood=Ind|Number=Sing|Tense=Past|VerbForm=Fin|Voice=Act	_	_	_	@mt1995f-words#@mt1995f#2035.04#2035.35"
"158	первую	первый	ADJ	_	Case=Acc|Degree=Pos|Gender=Fem|Number=Sing	_	_	_	@mt1995f-words#@mt1995f#2035.35#2035.66"
"159	серию	серия	NOUN	_	Animacy=Inan|Case=Acc|Gender=Fem|Number=Sing	_	_	_	@mt1995f-words#@mt1995f#2035.66#2035.97"
"160	/	/	PUNCT	_	_	_	_	_	@mt1995f-words#@mt1995f#2035.97#2036.28"
"161	ты	ты	PRON	_	Case=Nom|Number=Sing|Person=2	_	_	_	@mt1995f-words#@mt1995f#2036.28#2036.59"
"162	там	там	ADV	_	Degree=Pos	_	_	_	@mt1995f-words#@mt1995f#2036.59#2036.9"
"163	так	так	ADV	_	Degree=Pos	_	_	_	@mt1995f-words#@mt1995f#2036.9#2037.21"
"164	играешь	играть	VERB	_	Aspect=Imp|Mood=Ind|Number=Sing|Person=2|Tense=Pres|VerbForm=Fin|Voice=Act	_	_	_	@mt1995f-words#@mt1995f#2037.21#2037.52"
"165	/	/	PUNCT	_	_	_	_	_	@mt1995f-words#@mt1995f#2037.52#2037.83"
"166	женщину	женщина	NOUN	_	Animacy=Anim|Case=Acc|Gender=Fem|Number=Sing	_	_	_	@mt1995f-words#@mt1995f#2037.83#2038.14"
"167	/	/	PUNCT	_	_	_	_	_	@mt1995f-words#@mt1995f#2038.14#2038.45"
"168	девушку	девушка	NOUN	_	Animacy=Anim|Case=Acc|Gender=Fem|Number=Sing	_	_	_	@mt1995f-words#@mt1995f#2038.45#2038.76"
"169	которая	который	DET	_	Case=Nom	_	_	_	@mt1995f-words#@mt1995f#2038.76#2039.07"
"170	под	под	ADP	_	_	_	_	_	@mt1995f-words#@mt1995f#2039.07#2039.38"
"171	наркотиками	наркотик	NOUN	_	Animacy=Inan|Case=Ins|Gender=Masc|Number=Plur	_	_	_	@mt1995f-words#@mt1995f#2039.38#2039.69"
"172	/	/	PUNCT	_	_	_	_	_	@mt1995f-words#@mt1995f#2039.69#2040.04"
"173	что	что	SCONJ	_	_	_	_	_	@mt1995f-words#@mt1995f#2040.44#2040.672"
"174	у	у	ADP	_	_	_	_	_	@mt1995f-words#@mt1995f#2040.672#2040.904"
"175	меня	я	PRON	_	Case=Gen|Number=Sing|Person=1	_	_	_	@mt1995f-words#@mt1995f#2040.904#2041.136"
"176	сразу	сразу	ADV	_	Degree=Pos	_	_	_	@mt1995f-words#@mt1995f#2041.136#2041.368"
"177	же	же	PART	_	_	_	_	_	@mt1995f-words#@mt1995f#2041.368#2041.6"
"178	/	/	PUNCT	_	_	_	_	_	@mt1995f-words#@mt1995f#2041.6#2041.832"
"179	откуда	откуда	ADV	_	Degree=Pos	_	_	_	@mt1995f-words#@mt1995f#2041.832#2042.064"
"180	ты	ты	PRON	_	Case=Nom|Number=Sing|Person=2	_	_	_	@mt1995f-words#@mt1995f#2042.064#2042.296"
"181	вообще	вообще	ADV	_	Degree=Pos	_	_	_	@mt1995f-words#@mt1995f#2042.296#2042.528"
"182	знаешь	знать	VERB	_	Aspect=Imp|Mood=Ind|Number=Sing|Person=2|Tense=Pres|VerbForm=Fin|Voice=Act	_	_	_	@mt1995f-words#@mt1995f#2042.528#2042.76"
"183	как	как	ADV	_	Degree=Pos	_	_	_	@mt1995f-words#@mt1995f#2042.76#2042.992"
"184	они	они	PRON	_	Case=Nom|Number=Plur|Person=3	_	_	_	@mt1995f-words#@mt1995f#2042.992#2043.224"
"185	себя	себя	PRON	_	Case=Acc	_	_	_	@mt1995f-words#@mt1995f#2043.224#2043.456"
"186	ведут	вести	VERB	_	Aspect=Imp|Mood=Ind|Number=Plur|Person=3|Tense=Pres|VerbForm=Fin|Voice=Act	_	_	_	@mt1995f-words#@mt1995f#2043.456#2043.688"
"187	/	/	PUNCT	_	_	_	_	_	@mt1995f-words#@mt1995f#2043.688#2043.92"
"188	как	как	ADV	_	_	_	_	_	@mt1995f-words#@mt1995f#2043.92#2044.152"
"189	это	это	PRON	_	Animacy=Inan|Case=Acc|Gender=Neut|Number=Sing	_	_	_	@mt1995f-words#@mt1995f#2044.152#2044.4"
"190	я	я	PRON	_	Case=Nom|Number=Sing|Person=1	_	_	_	@mt1995f-words#@mt1995f#2047.8#2048.486"
"191	представляю	представлять	VERB	_	Aspect=Imp|Mood=Ind|Number=Sing|Person=1|Tense=Pres|VerbForm=Fin|Voice=Act	_	_	_	@mt1995f-words#@mt1995f#2048.486#2049.172"
"192	#смеется#	#смеется#	X	_	_	_	_	_	@mt1995f-words#@mt1995f#2049.172#2049.86"
"193	#смеется#	#смеется#	X	_	_	_	_	_	@mt1995f-words#@mt1995f#2053.42#2055.04"
"194	аа	аа	INTJ	_	Animacy=Inan|Case=Gen|Gender=Masc|Number=Sing	_	_	_	@mt1995f-words#@mt1995f#2061.312#2061.525"
"195	да	да	INTJ	_	_	_	_	_	@mt1995f-words#@mt1995f#2061.525#2061.738"
"196	да	да	INTJ	_	_	_	_	_	@mt1995f-words#@mt1995f#2061.738#2061.951"
"197	да	да	INTJ	_	_	_	_	_	@mt1995f-words#@mt1995f#2061.951#2062.164"
"198	да	да	INTJ	_	_	_	_	_	@mt1995f-words#@mt1995f#2062.164#2062.377"
"199	да	да	INTJ	_	_	_	_	_	@mt1995f-words#@mt1995f#2062.377#2062.593"
"200	ты	ты	PRON	_	Case=Nom|Number=Sing|Person=2	_	_	_	@mt1995f-words#@mt1995f#2069.687#2069.921"
"201	читала	читать	VERB	_	Aspect=Imp|Gender=Fem|Mood=Ind|Number=Sing|Tense=Past|VerbForm=Fin|Voice=Act	_	_	_	@mt1995f-words#@mt1995f#2069.921#2070.155"
"202	дневники	дневник	NOUN	_	Animacy=Inan|Case=Acc|Gender=Masc|Number=Plur	_	_	_	@mt1995f-words#@mt1995f#2070.155#2070.389"
"203	?	?	PUNCT	_	_	_	_	_	@mt1995f-words#@mt1995f#2070.389#2070.625"
"204	а	а	CCONJ	_	_	_	_	_	@mt1995f-words#@mt1995f#2071.281#2071.506"
"205	что	что	PRON	_	Case=Nom	_	_	_	@mt1995f-words#@mt1995f#2071.506#2071.731"
"206	за	за	ADP	_	_	_	_	_	@mt1995f-words#@mt1995f#2071.731#2071.956"
"207	дневники	дневник	NOUN	_	Animacy=Inan|Case=Acc|Gender=Masc|Number=Plur	_	_	_	@mt1995f-words#@mt1995f#2071.956#2072.181"
"208	ну	ну	PART	_	_	_	_	_	@mt1995f-words#@mt1995f#2072.181#2072.406"
"209	угу	угу	INTJ	_	Animacy=Anim|Case=Dat|Gender=Masc|Number=Sing	_	_	_	@mt1995f-words#@mt1995f#2078.379#2078.683"
"210	мне	я	PRON	_	Case=Dat|Number=Sing|Person=1	_	_	_	@mt1995f-words#@mt1995f#2185.133#2185.41"
"211	это	это	PRON	_	Animacy=Inan|Case=Nom|Gender=Neut|Number=Sing	_	_	_	@mt1995f-words#@mt1995f#2185.41#2185.687"
"212	не	не	PART	_	_	_	_	_	@mt1995f-words#@mt1995f#2185.687#2185.964"
"213	надо	надо	PRED	_	Degree=Pos	_	_	_	@mt1995f-words#@mt1995f#2185.964#2186.241"
"214	представлять	представлять	VERB	_	Aspect=Imp|VerbForm=Inf|Voice=Act	_	_	_	@mt1995f-words#@mt1995f#2186.241#2186.518"
"215	#смеется#	#смеется#	X	_	_	_	_	_	@mt1995f-words#@mt1995f#2186.518#2186.8"
"216	ойй	ойй	INTJ	_	Animacy=Inan|Case=Gen|Gender=Neut|Number=Plur	_	_	_	@mt1995f-words#@mt1995f#2194.533#2195.033"
"217	#морщится#	#морщится#	X	_	_	_	_	_	@mt1995f-words#@mt1995f#2195.033#2195.533"
"218	угу	угу	INTJ	_	Animacy=Anim|Case=Acc|Gender=Fem|Number=Sing	_	_	_	@mt1995f-words#@mt1995f#2211.48#2211.88"
"219	да	да	INTJ	_	_	_	_	_	@alp1990f-words#@alp1990f#32.437#33.093"
"220	ээ	ээ	INTJ	_	Animacy=Inan|Case=Nom|Gender=Neut|Number=Sing	_	_	_	@alp1990f-words#@alp1990f#41.086#41.49"
"221	ну	ну	PART	_	_	_	_	_	@alp1990f-words#@alp1990f#41.49#41.894"
"222	да	да	INTJ	_	_	_	_	_	@alp1990f-words#@alp1990f#41.894#42.298"
"223	там	там	ADV	_	Degree=Pos	_	_	_	@alp1990f-words#@alp1990f#42.298#42.702"
"224	скорее	скорее	ADV	_	Degree=Cmp	_	_	_	@alp1990f-words#@alp1990f#42.702#43.106"
"225	было	быть	VERB	_	Aspect=Imp|Gender=Neut|Mood=Ind|Number=Sing|Tense=Past|VerbForm=Fin|Voice=Act	_	_	_	@alp1990f-words#@alp1990f#43.106#43.51"
"226	предложение	предложение	NOUN	_	Animacy=Inan|Case=Nom|Gender=Neut|Number=Sing	_	_	_	@alp1990f-words#@alp1990f#43.51#43.914"
"227	что	что	SCONJ	_	_	_	_	_	@alp1990f-words#@alp1990f#43.914#44.318"
"228	он	он	PRON	_	Case=Nom|Gender=Masc|Number=Sing|Person=3	_	_	_	@alp1990f-words#@alp1990f#44.318#44.722"
"229	уедет	уехать	VERB	_	Aspect=Perf|Mood=Ind|Number=Sing|Person=3|Tense=Fut|VerbForm=Fin|Voice=Act	_	_	_	@alp1990f-words#@alp1990f#44.722#45.126"
"230	/	/	PUNCT	_	_	_	_	_	@alp1990f-words#@alp1990f#45.126#45.531"
"231	да	да	INTJ	_	_	_	_	_	@alp1990f-words#@alp1990f#48.531#48.826"
"232	/	/	PUNCT	_	_	_	_	_	@alp1990f-words#@alp1990f#48.826#49.121"
"233	давай-ка	давай-ка	INTJ	_	_	_	_	_	@alp1990f-words#@alp1990f#49.121#49.416"
"234	ты	ты	PRON	_	Case=Nom|Number=Sing|Person=2	_	_	_	@alp1990f-words#@alp1990f#49.416#49.711"
"235	уедешь	уехать	VERB	_	Aspect=Imp|Mood=Ind|Number=Sing|Person=2|Tense=Pres|VerbForm=Fin|Voice=Act	_	_	_	@alp1990f-words#@alp1990f#49.711#50.006"
"236	это	это	PRON	_	Animacy=Inan|Case=Nom|Gender=Neut|Number=Sing	_	_	_	@alp1990f-words#@alp1990f#50.006#50.301"
"237	было	быть	AUX	_	Aspect=Imp|Gender=Neut|Mood=Ind|Number=Sing|Tense=Past|VerbForm=Fin|Voice=Act	_	_	_	@alp1990f-words#@alp1990f#50.301#50.596"
"238	сложнее	сложно	ADV	_	Degree=Cmp	_	_	_	@alp1990f-words#@alp1990f#50.596#50.891"
"239	ну	ну	PART	_	_	_	_	_	@alp1990f-words#@alp1990f#50.891#51.186"
"240	у	у	ADP	_	_	_	_	_	@alp1990f-words#@alp1990f#51.186#51.481"
"241	меня	я	PRON	_	Case=Gen|Number=Sing|Person=1	_	_	_	@alp1990f-words#@alp1990f#51.481#51.776"
"242	появилась	появиться	VERB	_	Aspect=Perf|Gender=Fem|Mood=Ind|Number=Sing|Tense=Past|VerbForm=Fin|Voice=Mid	_	_	_	@alp1990f-words#@alp1990f#51.776#52.071"
"243	мысль	мысль	NOUN	_	Animacy=Inan|Case=Nom|Gender=Fem|Number=Sing	_	_	_	@alp1990f-words#@alp1990f#52.071#52.366"
"244	/	/	PUNCT	_	_	_	_	_	@alp1990f-words#@alp1990f#52.366#52.661"
"245	что	что	SCONJ	_	_	_	_	_	@alp1990f-words#@alp1990f#52.661#52.956"
"246	вот	вот	PART	_	_	_	_	_	@alp1990f-words#@alp1990f#52.956#53.251"
"247	/	/	PUNCT	_	_	_	_	_	@alp1990f-words#@alp1990f#53.251#53.546"
"248	наверно	наверно	ADV	_	Degree=Pos	_	_	_	@alp1990f-words#@alp1990f#53.546#53.841"
"249	можно	можно	ADV	_	Degree=Pos	_	_	_	@alp1990f-words#@alp1990f#53.841#54.136"
"250	так	так	ADV	_	Degree=Pos	_	_	_	@alp1990f-words#@alp1990f#54.136#54.431"
"251	сделать	сделать	VERB	_	Aspect=Perf|VerbForm=Inf|Voice=Act	_	_	_	@alp1990f-words#@alp1990f#54.431#54.726"
"252	/	/	PUNCT	_	_	_	_	_	@alp1990f-words#@alp1990f#54.726#55.021"
"253	то	то	DET	_	Animacy=Inan|Case=Nom|Gender=Neut|Number=Sing	_	_	_	@alp1990f-words#@alp1990f#55.021#55.316"
"254	есть	быть	VERB	_	Aspect=Imp|Mood=Ind|Number=Sing|Person=3|Tense=Pres|VerbForm=Fin|Voice=Act	_	_	_	@alp1990f-words#@alp1990f#55.316#55.611"
"255	при	при	ADP	_	_	_	_	_	@alp1990f-words#@alp1990f#55.611#55.906"
"256	разборе	разбор	NOUN	_	Animacy=Inan|Case=Loc|Gender=Masc|Number=Sing	_	_	_	@alp1990f-words#@alp1990f#55.906#56.201"
"257	сценария	сценарий	NOUN	_	Animacy=Inan|Case=Gen|Gender=Masc|Number=Sing	_	_	_	@alp1990f-words#@alp1990f#56.201#56.5"
"258	я	я	PRON	_	Case=Nom|Number=Sing|Person=1	_	_	_	@alp1990f-words#@alp1990f#56.531#57.021"
"259	вот	вот	PART	_	_	_	_	_	@alp1990f-words#@alp1990f#57.021#57.511"
"260	обратила	обратить	VERB	_	Aspect=Perf|Gender=Fem|Mood=Ind|Number=Sing|Tense=Past|VerbForm=Fin|Voice=Act	_	_	_	@alp1990f-words#@alp1990f#57.511#58.001"
"261	внимание	внимание	NOUN	_	Animacy=Inan|Case=Acc|Gender=Neut|Number=Sing	_	_	_	@alp1990f-words#@alp1990f#58.001#58.491"
"262	на	на	ADP	_	_	_	_	_	@alp1990f-words#@alp1990f#58.491#58.981"
"263	такую	такой	DET	_	Case=Acc|Gender=Fem|Number=Sing	_	_	_	@alp1990f-words#@alp1990f#58.981#59.471"
"264	ээ	ээ	INTJ	_	Case=Gen|Degree=Pos|Gender=Fem|Number=Sing	_	_	_	@alp1990f-words#@alp1990f#59.471#59.961"
"265	на	на	ADP	_	_	_	_	_	@alp1990f-words#@alp1990f#59.961#60.451"
"266	такой	такой	DET	_	Case=Acc|Gender=Masc|Number=Sing	_	_	_	@alp1990f-words#@alp1990f#60.451#60.941"
"267	момент	момент	NOUN	_	Animacy=Inan|Case=Acc|Gender=Masc|Number=Sing	_	_	_	@alp1990f-words#@alp1990f#60.941#61.431"
"268	что	что	SCONJ	_	_	_	_	_	@alp1990f-words#@alp1990f#61.431#61.921"
"269	ээ	ээ	X	_	Foreign=Yes	_	_	_	@alp1990f-words#@alp1990f#61.921#62.411"
"270	персонаж	персонаж	NOUN	_	Animacy=Anim|Case=Nom|Gender=Masc|Number=Sing	_	_	_	@alp1990f-words#@alp1990f#62.411#62.901"
"271	одинокий	одинокий	ADJ	_	Case=Nom|Degree=Pos|Gender=Masc|Number=Sing	_	_	_	@alp1990f-words#@alp1990f#62.901#63.391"
"272	/	/	PUNCT	_	_	_	_	_	@alp1990f-words#@alp1990f#63.391#63.881"
"273	и	и	CCONJ	_	_	_	_	_	@alp1990f-words#@alp1990f#63.881#64.371"
"274	она	она	PRON	_	Case=Nom|Gender=Fem|Number=Sing|Person=3	_	_	_	@alp1990f-words#@alp1990f#64.371#64.861"
"275	сейчас	сейчас	ADV	_	Degree=Pos	_	_	_	@alp1990f-words#@alp1990f#64.861#65.351"
"276	одинока	одинокий	ADJ	_	Degree=Pos|Gender=Fem|Number=Sing|Variant=Short	_	_	_	@alp1990f-words#@alp1990f#65.351#65.841"
"277	/	/	PUNCT	_	_	_	_	_	@alp1990f-words#@alp1990f#65.841#66.331"
"278	и	и	CCONJ	_	_	_	_	_	@alp1990f-words#@alp1990f#66.331#66.821"
"279	как	как	ADV	_	Degree=Pos	_	_	_	@alp1990f-words#@alp1990f#66.821#67.311"
"280	это	это	PRON	_	Animacy=Inan|Case=Nom|Gender=Neut|Number=Sing	_	_	_	@alp1990f-words#@alp1990f#67.311#67.801"
"281	вообще	вообще	ADV	_	Degree=Pos	_	_	_	@alp1990f-words#@alp1990f#67.801#68.291"
"282	одной	один	NUM	_	Case=Gen|Gender=Fem	_	_	_	@alp1990f-words#@alp1990f#68.291#68.781"
"283	появилась	появиться	VERB	_	Aspect=Perf|Gender=Fem|Mood=Ind|Number=Sing|Tense=Past|VerbForm=Fin|Voice=Mid	_	_	_	@alp1990f-words#@alp1990f#68.781#69.271"
"284	мысль	мысль	NOUN	_	Animacy=Inan|Case=Nom|Gender=Fem|Number=Sing	_	_	_	@alp1990f-words#@alp1990f#69.271#69.761"
"285	/	/	PUNCT	_	_	_	_	_	@alp1990f-words#@alp1990f#69.761#70.251"
"286	ээ	ээ	INTJ	_	Animacy=Inan|Case=Nom|Gender=Neut|Number=Sing	_	_	_	@alp1990f-words#@alp1990f#70.251#70.75"
"287	но	но	CCONJ	_	_	_	_	_	@alp1990f-words#@alp1990f#70.75#71.071"
"288	я	я	PRON	_	Case=Nom|Number=Sing|Person=1	_	_	_	@alp1990f-words#@alp1990f#71.071#71.392"
"289	ее	она	PRON	_	Case=Gen|Gender=Fem|Number=Sing|Person=3	_	_	_	@alp1990f-words#@alp1990f#71.392#71.713"
"290	не	не	PART	_	_	_	_	_	@alp1990f-words#@alp1990f#71.713#72.034"
"291	выносила	выносить	VERB	_	Aspect=Perf|Gender=Fem|Mood=Ind|Number=Sing|Tense=Past|VerbForm=Fin|Voice=Act	_	_	_	@alp1990f-words#@alp1990f#72.034#72.355"
"292	/	/	PUNCT	_	_	_	_	_	@alp1990f-words#@alp1990f#72.355#72.676"
"293	и	и	CCONJ	_	_	_	_	_	@alp1990f-words#@alp1990f#72.676#72.997"
"294	вот	вот	PART	_	_	_	_	_	@alp1990f-words#@alp1990f#72.997#73.318"
"295	там	там	ADV	_	Degree=Pos	_	_	_	@alp1990f-words#@alp1990f#73.318#73.639"
"296	буквально	буквально	ADV	_	Degree=Pos	_	_	_	@alp1990f-words#@alp1990f#73.639#73.96"
"297	через	через	ADP	_	_	_	_	_	@alp1990f-words#@alp1990f#73.96#74.281"
"298	несколько	несколько	DET	_	Animacy=Inan|Case=Acc	_	_	_	@alp1990f-words#@alp1990f#74.281#74.602"
"299	дней	день	NOUN	_	Animacy=Inan|Case=Gen|Gender=Masc|Number=Plur	_	_	_	@alp1990f-words#@alp1990f#74.602#74.923"
"300	мы	мы	PRON	_	Case=Nom|Number=Plur|Person=1	_	_	_	@alp1990f-words#@alp1990f#74.923#75.244"
"301	сидели	сидеть	VERB	_	Aspect=Imp|Mood=Ind|Number=Plur|Tense=Past|VerbForm=Fin|Voice=Act	_	_	_	@alp1990f-words#@alp1990f#75.244#75.565"
"302	что-то	что-то	PRON	_	Case=Acc	_	_	_	@alp1990f-words#@alp1990f#75.565#75.886"
"303	на	на	ADP	_	_	_	_	_	@alp1990f-words#@alp1990f#75.886#76.207"
"304	кухне	кухня	NOUN	_	Animacy=Inan|Case=Loc|Gender=Fem|Number=Sing	_	_	_	@alp1990f-words#@alp1990f#76.207#76.528"
"305	пили	пить	VERB	_	Aspect=Imp|Mood=Ind|Number=Plur|Tense=Past|VerbForm=Fin|Voice=Act	_	_	_	@alp1990f-words#@alp1990f#76.528#76.849"
"306	чай	чай	NOUN	_	Animacy=Inan|Case=Acc|Gender=Masc|Number=Sing	_	_	_	@alp1990f-words#@alp1990f#76.849#77.17"
"307	я	я	PRON	_	Case=Nom|Number=Sing|Person=1	_	_	_	@alp1990f-words#@alp1990f#77.17#77.491"
"308	сказала	сказать	VERB	_	Aspect=Perf|Gender=Fem|Mood=Ind|Number=Sing|Tense=Past|VerbForm=Fin|Voice=Act	_	_	_	@alp1990f-words#@alp1990f#77.491#77.812"
"309	смотри	смотреть	NUM	_	Animacy=Inan|Case=Acc	_	_	_	@alp1990f-words#@alp1990f#77.812#78.133"
"310	#смеется#	#смеется#	X	_	_	_	_	_	@alp1990f-words#@alp1990f#78.133#78.454"
"311	есть	быть	VERB	_	Aspect=Imp|Mood=Ind|Number=Sing|Person=3|Tense=Pres|VerbForm=Fin|Voice=Act	_	_	_	@alp1990f-words#@alp1990f#78.454#78.775"
"312	такая	такой	DET	_	Case=Nom|Gender=Fem|Number=Sing	_	_	_	@alp1990f-words#@alp1990f#78.775#79.096"
"313	идея	идея	NOUN	_	Animacy=Inan|Case=Nom|Gender=Fem|Number=Sing	_	_	_	@alp1990f-words#@alp1990f#79.096#79.417"
"314	но	но	CCONJ	_	_	_	_	_	@alp1990f-words#@alp1990f#79.417#79.738"
"315	если	если	SCONJ	_	_	_	_	_	@alp1990f-words#@alp1990f#79.738#80.059"
"316	ты	ты	PRON	_	Case=Nom|Number=Sing|Person=2	_	_	_	@alp1990f-words#@alp1990f#80.059#80.38"
"317	скажешь	сказать	VERB	_	Aspect=Imp|Mood=Ind|Number=Sing|Person=2|Tense=Pres|VerbForm=Fin|Voice=Act	_	_	_	@alp1990f-words#@alp1990f#80.38#80.701"
"318	что	что	SCONJ	_	Case=Nom	_	_	_	@alp1990f-words#@alp1990f#80.701#81.022"
"319	нет	нет	INTJ	_	_	_	_	_	@alp1990f-words#@alp1990f#81.022#81.343"
"320	/	/	PUNCT	_	_	_	_	_	@alp1990f-words#@alp1990f#81.343#81.664"
"321	мы	мы	PRON	_	Case=Nom|Number=Plur|Person=1	_	_	_	@alp1990f-words#@alp1990f#81.664#81.985"
"322	не	не	PART	_	_	_	_	_	@alp1990f-words#@alp1990f#81.985#82.306"
"323	будем	быть	VERB	_	Aspect=Imp|Mood=Ind|Number=Plur|Person=1|Tense=Fut|VerbForm=Fin|Voice=Act	_	_	_	@alp1990f-words#@alp1990f#82.306#82.627"
"324	этого	это	PRON	_	Animacy=Inan|Case=Gen|Gender=Neut|Number=Sing	_	_	_	@alp1990f-words#@alp1990f#82.627#82.948"
"325	делать	делать	VERB	_	Aspect=Imp|VerbForm=Inf|Voice=Act	_	_	_	@alp1990f-words#@alp1990f#82.948#83.269"
"326	ну	ну	PART	_	_	_	_	_	@alp1990f-words#@alp1990f#83.269#83.59"
"327	и	и	CCONJ	_	_	_	_	_	@alp1990f-words#@alp1990f#83.59#83.911"
"328	Паша	Паша	PROPN	_	Animacy=Anim|Case=Nom|Gender=Masc|Number=Sing	_	_	_	@alp1990f-words#@alp1990f#83.911#84.232"
"329	как-то	как-то	ADV	_	_	_	_	_	@alp1990f-words#@alp1990f#84.232#84.553"
"331	он	он	PRON	_	Case=Nom|Gender=Masc|Number=Sing|Person=3	_	_	_	@alp1990f-words#@alp1990f#84.874#85.195"
"332	посидел	посидеть	VERB	_	Aspect=Perf|Gender=Masc|Mood=Ind|Number=Sing|Tense=Past|VerbForm=Fin|Voice=Act	_	_	_	@alp1990f-words#@alp1990f#85.195#85.516"
"333	так	так	ADV	_	Degree=Pos	_	_	_	@alp1990f-words#@alp1990f#85.516#85.837"
"334	помолчал	помолчать	VERB	_	Aspect=Perf|Gender=Masc|Mood=Ind|Number=Sing|Tense=Past|VerbForm=Fin|Voice=Act	_	_	_	@alp1990f-words#@alp1990f#85.837#86.158"
"335	говорит	говорить	VERB	_	Aspect=Imp|Mood=Ind|Number=Sing|Person=3|Tense=Pres|VerbForm=Fin|Voice=Act	_	_	_	@alp1990f-words#@alp1990f#86.158#86.479"
"336	ну	ну	PART	_	_	_	_	_	@alp1990f-words#@alp1990f#86.479#86.8"
"337	хорошо	хорошо	INTJ	_	Degree=Pos	_	_	_	@alp1990f-words#@alp1990f#86.8#87.121"
"338	мне	я	PRON	_	Case=Dat|Number=Sing|Person=1	_	_	_	@alp1990f-words#@alp1990f#87.121#87.442"
"339	будет	быть	AUX	_	Aspect=Imp|Mood=Ind|Number=Sing|Person=3|Tense=Fut|VerbForm=Fin|Voice=Act	_	_	_	@alp1990f-words#@alp1990f#87.442#87.763"
"340	тоже	тоже	PART	_	_	_	_	_	@alp1990f-words#@alp1990f#87.763#88.084"
"341	это	это	PRON	_	Animacy=Inan|Case=Nom|Gender=Neut|Number=Sing	_	_	_	@alp1990f-words#@alp1990f#88.084#88.405"
"342	интересно	интересно	ADJ	_	Degree=Pos|Gender=Neut|Number=Sing|Variant=Short	_	_	_	@alp1990f-words#@alp1990f#88.405#88.726"
"343	/	/	PUNCT	_	_	_	_	_	@alp1990f-words#@alp1990f#88.726#89.047"
"344	то	то	PRON	_	Animacy=Inan|Case=Nom|Gender=Neut|Number=Sing	_	_	_	@alp1990f-words#@alp1990f#89.047#89.368"
"345	есть	быть	VERB	_	Aspect=Imp|Mood=Ind|Number=Sing|Person=3|Tense=Pres|VerbForm=Fin|Voice=Act	_	_	_	@alp1990f-words#@alp1990f#89.368#89.689"
"346	как	как	ADV	_	Degree=Pos	_	_	_	@alp1990f-words#@alp1990f#89.689#90.01"
"347	/	/	PUNCT	_	_	_	_	_	@alp1990f-words#@alp1990f#90.01#90.331"
"348	потому	потому	ADV	_	Degree=Pos	_	_	_	@alp1990f-words#@alp1990f#90.331#90.652"
"349	что	что	SCONJ	_	_	_	_	_	@alp1990f-words#@alp1990f#90.652#90.973"
"350	мы	мы	PRON	_	Case=Nom|Number=Plur|Person=1	_	_	_	@alp1990f-words#@alp1990f#90.973#91.294"
"351	с	с	ADP	_	_	_	_	_	@alp1990f-words#@alp1990f#91.294#91.615"
"352	ним	он	PRON	_	Case=Ins|Gender=Masc|Number=Sing|Person=3	_	_	_	@alp1990f-words#@alp1990f#91.615#91.936"
"353	до	до	ADP	_	_	_	_	_	@alp1990f-words#@alp1990f#91.936#92.257"
"354	этого	это	PRON	_	Animacy=Inan|Case=Gen|Gender=Neut|Number=Sing	_	_	_	@alp1990f-words#@alp1990f#92.257#92.578"
"355	сколько	сколько	NUM	_	_	_	_	_	@alp1990f-words#@alp1990f#92.578#92.899"
"356	вот	вот	PART	_	_	_	_	_	@alp1990f-words#@alp1990f#92.899#93.22"
"357	лет	год	NOUN	_	Animacy=Inan|Case=Gen|Gender=Masc|Number=Plur	_	_	_	@alp1990f-words#@alp1990f#93.22#93.541"
"358	мы	мы	PRON	_	Case=Nom|Number=Plur|Person=1	_	_	_	@alp1990f-words#@alp1990f#93.541#93.862"
"359	вместе	вместе	ADV	_	Degree=Pos	_	_	_	@alp1990f-words#@alp1990f#93.862#94.183"
"360	/	/	PUNCT	_	_	_	_	_	@alp1990f-words#@alp1990f#94.183#94.504"
"361	мы	мы	NOUN	_	Animacy=Inan|Case=Nom|Number=Plur	_	_	_	@alp1990f-words#@alp1990f#94.504#94.825"
"362	не	не	PART	_	_	_	_	_	@alp1990f-words#@alp1990f#94.825#95.146"
"363	были	быть	AUX	_	Aspect=Imp|Mood=Ind|Number=Plur|Tense=Past|VerbForm=Fin|Voice=Act	_	_	_	@alp1990f-words#@alp1990f#95.146#95.531"
"364	восемь	восемь	NUM	_	Aspect=Perf|VerbForm=Inf|Voice=Act	_	_	_	@alp1990f-words#@alp1990f#96.437#96.775"
"365	/	/	PUNCT	_	_	_	_	_	@alp1990f-words#@alp1990f#96.775#97.113"
"366	да	да	INTJ	_	_	_	_	_	@alp1990f-words#@alp1990f#97.113#97.451"
"367	то	то	SCONJ	_	Animacy=Inan|Case=Nom|Gender=Neut|Number=Sing	_	_	_	@alp1990f-words#@alp1990f#97.451#97.789"
"368	есть	быть	SCONJ	_	Aspect=Imp|Mood=Ind|Number=Sing|Person=3|Tense=Pres|VerbForm=Fin|Voice=Act	_	_	_	@alp1990f-words#@alp1990f#97.789#98.127"
"369	/	/	PUNCT	_	_	_	_	_	@alp1990f-words#@alp1990f#98.127#98.465"
"370	и	и	CCONJ	_	_	_	_	_	@alp1990f-words#@alp1990f#98.465#98.803"
"371	мы	мы	PRON	_	Case=Nom|Number=Plur|Person=1	_	_	_	@alp1990f-words#@alp1990f#98.803#99.141"
"372	всегда	всегда	ADV	_	Degree=Pos	_	_	_	@alp1990f-words#@alp1990f#99.141#99.479"
"373	либо	либо	CCONJ	_	_	_	_	_	@alp1990f-words#@alp1990f#99.479#99.817"
"374	это	этот	PRON	_	Animacy=Inan|Case=Nom|Gender=Neut|Number=Sing	_	_	_	@alp1990f-words#@alp1990f#99.817#100.155"
"375	сообщения	сообщение	NOUN	_	Animacy=Inan|Case=Nom|Gender=Neut|Number=Plur	_	_	_	@alp1990f-words#@alp1990f#100.155#100.493"
"376	какие-то	какой-то	DET	_	Case=Nom|Number=Plur	_	_	_	@alp1990f-words#@alp1990f#100.493#100.831"
"377	/	/	PUNCT	_	_	_	_	_	@alp1990f-words#@alp1990f#100.831#101.169"
"378	либо	либо	CCONJ	_	_	_	_	_	@alp1990f-words#@alp1990f#101.169#101.507"
"379	звон...	звонки	PROPN	_	Animacy=Inan|Case=Nom|Gender=Masc|Number=Pl	_	_	_	@alp1990f-words#@alp1990f#101.507#101.845"
"380	ну	ну	PART	_	_	_	_	_	@alp1990f-words#@alp1990f#101.845#102.183"
"381	каждый	каждый	DET	_	Case=Nom|Gender=Masc|Number=Sing	_	_	_	@alp1990f-words#@alp1990f#102.183#102.521"
"382	день	день	NOUN	_	Animacy=Inan|Case=Nom|Gender=Masc|Number=Sing	_	_	_	@alp1990f-words#@alp1990f#102.521#102.859"
"383	/	/	PUNCT	_	_	_	_	_	@alp1990f-words#@alp1990f#102.859#103.197"
"384	постоянно	постоянно	ADV	_	Degree=Pos	_	_	_	@alp1990f-words#@alp1990f#103.197#103.535"
"385	/	/	PUNCT	_	_	_	_	_	@alp1990f-words#@alp1990f#103.535#103.875"
"386	нет	нет	INTJ	_		_	_	_	@alp1990f-words#@alp1990f#105.375#105.629"
"387	/	/	PUNCT	_	_	_	_	_	@alp1990f-words#@alp1990f#105.629#105.883"
"388	вообще	вообще	ADV	_	Degree=Pos	_	_	_	@alp1990f-words#@alp1990f#105.883#106.137"
"389	/	/	PUNCT	_	_	_	_	_	@alp1990f-words#@alp1990f#106.137#106.391"
"390	тотально	тотально	ADV	_	Degree=Pos	_	_	_	@alp1990f-words#@alp1990f#106.391#106.645"
"391	/	/	PUNCT	_	_	_	_	_	@alp1990f-words#@alp1990f#106.645#106.899"
"392	вообще	вообще	ADV	_	Degree=Pos	_	_	_	@alp1990f-words#@alp1990f#106.899#107.156"
"393	и	и	CCONJ	_	_	_	_	_	@alp1990f-words#@alp1990f#107.5#107.828"
"394	/	/	PUNCT	_	_	_	_	_	@alp1990f-words#@alp1990f#107.828#108.156"
"395	ну	ну	PART	_	_	_	_	_	@alp1990f-words#@alp1990f#108.156#108.484"
"396	очень	очень	ADV	_	Degree=Pos	_	_	_	@alp1990f-words#@alp1990f#108.484#108.812"
"397	интересный	интересный	ADJ	_	Case=Nom|Degree=Pos|Gender=Masc|Number=Sing	_	_	_	@alp1990f-words#@alp1990f#108.812#109.14"
"398	опыт	опыт	NOUN	_	Animacy=Inan|Case=Nom|Gender=Masc|Number=Sing	_	_	_	@alp1990f-words#@alp1990f#109.14#109.468"
"399	/	/	PUNCT	_	_	_	_	_	@alp1990f-words#@alp1990f#109.468#109.796"
"400	правда	правда	PART	_		_	_	_	@alp1990f-words#@alp1990f#109.796#110.124"
"401	/	/	PUNCT	_	_	_	_	_	@alp1990f-words#@alp1990f#110.124#110.452"
"402	и	и	CCONJ	_	_	_	_	_	@alp1990f-words#@alp1990f#110.452#110.78"
"403	я	я	PRON	_	Case=Nom|Number=Sing|Person=1	_	_	_	@alp1990f-words#@alp1990f#110.78#111.108"
"404	замечала	замечать	VERB	_	Aspect=Imp|Gender=Fem|Mood=Ind|Number=Sing|Tense=Past|VerbForm=Fin|Voice=Act	_	_	_	@alp1990f-words#@alp1990f#111.108#111.436"
"405	/	/	PUNCT	_	_	_	_	_	@alp1990f-words#@alp1990f#111.436#111.764"
"406	как	как	SCONJ	_	_	_	_	_	@alp1990f-words#@alp1990f#111.764#112.092"
"407	там	там	ADV	_	Degree=Pos	_	_	_	@alp1990f-words#@alp1990f#112.092#112.42"
"408	я	я	PRON	_	Case=Nom|Number=Sing|Person=1	_	_	_	@alp1990f-words#@alp1990f#112.42#112.748"
"409	хожу	ходить	VERB	_	Aspect=Imp|Mood=Ind|Number=Sing|Person=1|Tense=Pres|VerbForm=Fin|Voice=Act	_	_	_	@alp1990f-words#@alp1990f#112.748#113.076"
"410	и	и	CCONJ	_	_	_	_	_	@alp1990f-words#@alp1990f#113.076#113.404"
"411	высматриваю	высматривать	VERB	_	Aspect=Imp|Mood=Ind|Number=Sing|Person=1|Tense=Pres|VerbForm=Fin|Voice=Act	_	_	_	@alp1990f-words#@alp1990f#113.404#113.732"
"412	его	он	PRON	_	Case=Acc|Gender=Masc|Number=Sing|Person=3	_	_	_	@alp1990f-words#@alp1990f#113.732#114.06"
"413	везде	везде	ADV	_	Degree=Pos	_	_	_	@alp1990f-words#@alp1990f#114.06#114.388"
"414	/	/	PUNCT	_	_	_	_	_	@alp1990f-words#@alp1990f#114.388#114.716"
"415	ну	ну	PART	_	_	_	_	_	@alp1990f-words#@alp1990f#114.716#115.044"
"416	просто	просто	PART	_	_	_	_	_	@alp1990f-words#@alp1990f#115.044#115.372"
"417	вот	вот	PART	_	_	_	_	_	@alp1990f-words#@alp1990f#115.372#115.7"
"418	машинально	машинально	ADV	_	Degree=Pos	_	_	_	@alp1990f-words#@alp1990f#115.7#116.028"
"419	я	я	PRON	_	Case=Nom|Number=Sing|Person=1	_	_	_	@alp1990f-words#@alp1990f#116.028#116.356"
"420	смотрю	смотреть	VERB	_	Aspect=Imp|Mood=Ind|Number=Sing|Person=1|Tense=Pres|VerbForm=Fin|Voice=Act	_	_	_	@alp1990f-words#@alp1990f#116.356#116.684"
"421	вот	вот	PART	_	_	_	_	_	@alp1990f-words#@alp1990f#116.684#117.012"
"422	в	в	ADP	_	_	_	_	_	@alp1990f-words#@alp1990f#117.012#117.34"
"423	окно	окно	NOUN	_	Animacy=Inan|Case=Acc|Gender=Neut|Number=Sing	_	_	_	@alp1990f-words#@alp1990f#117.34#117.668"
        он      он      PRON    _   Case=Nom|Gender=Masc|Number=Sing|Person=3
"424	/	/	PUNCT	_	_	_	_	_	@alp1990f-words#@alp1990f#117.668#117.996"
"425	не	не	PART	_	_	_	_	_	@alp1990f-words#@alp1990f#117.996#118.324"
"426	он	он	PRON	_	Case=Nom|Gender=Masc|Number=Sing|Person=3	_	_	_	@alp1990f-words#@alp1990f#118.324#118.652"
"427	/	/	PUNCT	_	_	_	_	_	@alp1990f-words#@alp1990f#118.652#118.98"
"428	похож	похожий	ADJ	_	Degree=Pos|Gender=Masc|Number=Sing|Variant=Short	_	_	_	@alp1990f-words#@alp1990f#118.98#119.308"
"429	просто	просто	PART	_	_	_	_	_	@alp1990f-words#@alp1990f#119.308#119.636"
"430	/	/	PUNCT	_	_	_	_	_	@alp1990f-words#@alp1990f#119.636#119.964"
"431	нет	нет	INTJ	_	_	_	_	_	@alp1990f-words#@alp1990f#119.964#120.292"
"432	/	/	PUNCT	_	_	_	_	_	@alp1990f-words#@alp1990f#120.292#120.62"
"433	не	не	PART	_	_	_	_	_	@alp1990f-words#@alp1990f#120.62#120.948"
"434	он	он	PRON	_	Case=Nom|Gender=Masc|Number=Sing|Person=3	_	_	_	@alp1990f-words#@alp1990f#120.948#121.276"
"435	/	/	PUNCT	_	_	_	_	_	@alp1990f-words#@alp1990f#121.276#121.604"
"436	ладно	ладно	INTJ	_	_	_	_	_	@alp1990f-words#@alp1990f#121.604#121.968"
"437	неа	неа	INTJ	_	_	_	_	@alp1990f-words#@alp1990f#124.25#124.652"
"438	это	это	PRON	_	Animacy=Inan|Case=Nom|Gender=Neut|Number=Sing	_	_	_	@alp1990f-words#@alp1990f#126.718#127.123"
"439	было	быть	AUX	_	Aspect=Imp|Gender=Neut|Mood=Ind|Number=Sing|Tense=Past|VerbForm=Fin|Voice=Act	_	_	_	@alp1990f-words#@alp1990f#127.123#127.528"
"440	/	/	PUNCT	_	_	_	_	_	@alp1990f-words#@alp1990f#127.528#127.933"
"441	это	это	PRON	_	Animacy=Inan|Case=Nom|Gender=Neut|Number=Sing	_	_	_	@alp1990f-words#@alp1990f#127.933#128.338"
"442	было	быть	AUX	_	Aspect=Imp|Gender=Neut|Mood=Ind|Number=Sing|Tense=Past|VerbForm=Fin|Voice=Act	_	_	_	@alp1990f-words#@alp1990f#128.338#128.743"
"443	кошмарно	кошмарно	ADV	_	Degree=Pos	_	_	_	@alp1990f-words#@alp1990f#128.743#129.152"
"444	да	да	INTJ	_	_	_	_	_	@alp1990f-words#@alp1990f#2040.055#2040.361"
"445	ээ	ээ	INTJ	_	_	_	_	_	@alp1990f-words#@alp1990f#2044.416#2044.76"
"446	это	это	PRON	_	Animacy=Inan|Case=Nom|Gender=Neut|Number=Sing	_	_	_	@alp1990f-words#@alp1990f#2044.76#2045.104"
"447	были	быть	VERB	_	Aspect=Imp|Mood=Ind|Number=Plur|Tense=Past|VerbForm=Fin|Voice=Act	_	_	_	@alp1990f-words#@alp1990f#2045.104#2045.448"
"448	э	э	INTJ	_	_	_	_	_	@alp1990f-words#@alp1990f#2045.448#2045.792"
"449	пожалуй	пожалуй	ADV	_	_	_	_	@alp1990f-words#@alp1990f#2045.792#2046.136"
"450	самые	самый	DET	_	Case=Nom|Degree=Pos|Number=Plur	_	_	_	@alp1990f-words#@alp1990f#2046.136#2046.48"
"451	веселые	веселый	ADJ	_	Case=Nom|Degree=Pos|Number=Plur	_	_	_	@alp1990f-words#@alp1990f#2046.48#2046.824"
"452	съемки	съемка	NOUN	_	Animacy=Inan|Case=Nom|Gender=Fem|Number=Plur	_	_	_	@alp1990f-words#@alp1990f#2046.824#2047.168"
"453	[нрзб]	[нрзб]	X	_	_	_	_	_	@alp1990f-words#@alp1990f#2047.168#2047.512"
"454	потому	потому	SCONJ	_	Degree=Pos	_	_	_	@alp1990f-words#@alp1990f#2047.512#2047.856"
"455	что	что	SCONJ	_	_	_	_	_	@alp1990f-words#@alp1990f#2047.856#2048.2"
"456	/	/	PUNCT	_	_	_	_	_	@alp1990f-words#@alp1990f#2048.2#2048.544"
"457	ну	ну	PART	_	_	_	_	_	@alp1990f-words#@alp1990f#2048.544#2048.888"
"458	/	/	PUNCT	_	_	_	_	_	@alp1990f-words#@alp1990f#2048.888#2049.232"
"459	так	так	ADV	_	Degree=Pos	_	_	_	@alp1990f-words#@alp1990f#2049.232#2049.576"
"460	наверно	наверно	ADV	_	Degree=Pos	_	_	_	@alp1990f-words#@alp1990f#2049.576#2049.92"
"461	еще	еще	ADV	_	Degree=Pos	_	_	_	@alp1990f-words#@alp1990f#2049.92#2050.264"
"462	никто	никто	PRON	_	Case=Nom	_	_	_	@alp1990f-words#@alp1990f#2050.264#2050.608"
"463	не	не	PART	_	_	_	_	_	@alp1990f-words#@alp1990f#2050.608#2050.952"
"464	веселился	веселиться	VERB	_	Aspect=Imp|Gender=Masc|Mood=Ind|Number=Sing|Tense=Past|VerbForm=Fin|Voice=Mid	_	_	_	@alp1990f-words#@alp1990f#2050.952#2051.296"
"465	на	на	ADP	_	_	_	_	_	@alp1990f-words#@alp1990f#2051.296#2051.64"
"466	первом	первый	ADJ	_	Case=Loc|Degree=Pos|Gender=Masc|Number=Sing	_	_	_	@alp1990f-words#@alp1990f#2051.64#2051.984"
"467	канале	канал	NOUN	_	Animacy=Inan|Case=Loc|Gender=Masc|Number=Sing	_	_	_	@alp1990f-words#@alp1990f#2051.984#2052.328"
"468	ну	ну	PART	_	_	_	_	_	@alp1990f-words#@alp1990f#2052.328#2052.672"
"469	то	то	PRON	_	Animacy=Inan|Case=Nom|Gender=Neut|Number=Sing	_	_	_	@alp1990f-words#@alp1990f#2052.672#2053.016"
"470	есть	быть	VERB	_	Aspect=Imp|Mood=Ind|Number=Sing|Person=3|Tense=Pres|VerbForm=Fin|Voice=Act	_	_	_	@alp1990f-words#@alp1990f#2053.016#2053.36"
"471	[нрзб]	[нрзб]	X	_	_	_	_	_	@alp1990f-words#@alp1990f#2053.36#2053.704"
"472	это	это	PRON	_	Animacy=Inan|Case=Nom|Gender=Neut|Number=Sing	_	_	_	@alp1990f-words#@alp1990f#2053.704#2054.048"
"473	просто	просто	PART	_	_	_	_	_	@alp1990f-words#@alp1990f#2054.048#2054.42"
"474	ээ	ээ	INTJ	_	Foreign=Yes	_	_	_	@alp1990f-words#@alp1990f#2055.1#2055.558"
"475	/	/	PUNCT	_	_	_	_	_	@alp1990f-words#@alp1990f#2055.558#2056.016"
"476	я	я	PRON	_	Case=Nom|Number=Sing|Person=1	_	_	_	@alp1990f-words#@alp1990f#2056.016#2056.474"
"477	/	/	PUNCT	_	_	_	_	_	@alp1990f-words#@alp1990f#2056.474#2056.932"
"478	стала	стать	VERB	_	Aspect=Perf|Gender=Fem|Mood=Ind|Number=Sing|Tense=Past|VerbForm=Fin|Voice=Mid	_	_	_	@alp1990f-words#@alp1990f#2056.932#2057.39"
"479	/	/	PUNCT	_	_	_	_	_	@alp1990f-words#@alp1990f#2057.39#2057.848"
"480	э	э	INTJ	_	_	_	_	_	@alp1990f-words#@alp1990f#2057.848#2058.306"
"481	как	как	ADV	_	Degree=Pos	_	_	_	@alp1990f-words#@alp1990f#2058.306#2058.764"
"482	голодать	голодать	VERB	_	Aspect=Imp|VerbForm=Inf|Voice=Act	_	_	_	@alp1990f-words#@alp1990f#2058.764#2059.222"
"483	что-ли	что-ли	NOUN	_	Animacy=Inan|Case=Acc|Gender=Fem|Number=Plur	_	_	_	@alp1990f-words#@alp1990f#2059.222#2059.68"
"484	/	/	PUNCT	_	_	_	_	_	@alp1990f-words#@alp1990f#2059.68#2060.138"
"485	условно	условно	ADV	_	Degree=Pos	_	_	_	@alp1990f-words#@alp1990f#2060.138#2060.596"
"486	голодать	голодать	VERB	_	Aspect=Imp|VerbForm=Inf|Voice=Act	_	_	_	@alp1990f-words#@alp1990f#2060.596#2061.054"
"487	перед	перед	ADP	_	_	_	_	_	@alp1990f-words#@alp1990f#2061.054#2061.512"
"488	съемками	съемка	NOUN	_	Animacy=Inan|Case=Ins|Gender=Fem|Number=Plur	_	_	_	@alp1990f-words#@alp1990f#2061.512#2061.98"
"489	вот	вот	PART	_	_	_	_	_	@alp1990f-words#@alp1990f#2062.693#2063.026"
"490	/	/	PUNCT	_	_	_	_	_	@alp1990f-words#@alp1990f#2063.026#2063.359"
"491	мне	я	PRON	_	Case=Dat|Number=Sing|Person=1	_	_	_	@alp1990f-words#@alp1990f#2063.359#2063.692"
"492	было	быть	AUX	_	Aspect=Imp|Gender=Neut|Mood=Ind|Number=Sing|Tense=Past|VerbForm=Fin|Voice=Act	_	_	_	@alp1990f-words#@alp1990f#2063.692#2064.025"
"493	интересно	интересно	ADV	_	Degree=Pos	_	_	_	@alp1990f-words#@alp1990f#2064.025#2064.358"
"494	как	как	ADV	_	_	_	_	_	@alp1990f-words#@alp1990f#2064.358#2064.691"
"495	это	это	PRON	_	Animacy=Inan|Case=Nom|Gender=Neut|Number=Sing	_	_	_	@alp1990f-words#@alp1990f#2064.691#2065.024"
"496	вот	вот	PART	_	_	_	_	_	@alp1990f-words#@alp1990f#2065.024#2065.357"
"497	/	/	PUNCT	_	_	_	_	_	@alp1990f-words#@alp1990f#2065.357#2065.69"
"498	мм	мм	INTJ	_	Animacy=Inan|Case=Acc|Gender=Fem|Number=Sing	_	_	_	@alp1990f-words#@alp1990f#2065.69#2066.023"
"499	судя	судя	VERB	_   VerbForm=Part	_	_	_	@alp1990f-words#@alp1990f#2066.023#2066.356"
"500	по	по	ADP	_	_	_	_	_	@alp1990f-words#@alp1990f#2066.356#2066.689"
"501	дневникам	дневник	NOUN	_	Animacy=Inan|Case=Dat|Gender=Masc|Number=Plur	_	_	_	@alp1990f-words#@alp1990f#2066.689#2067.022"
"502	/	/	PUNCT	_	_	_	_	_	@alp1990f-words#@alp1990f#2067.022#2067.355"
"503	которые	который	DET	_	Case=Nom|Number=Plur	_	_	_	@alp1990f-words#@alp1990f#2067.355#2067.688"
"504	я	я	PRON	_	Case=Nom|Number=Sing|Person=1	_	_	_	@alp1990f-words#@alp1990f#2067.688#2068.021"
"505	читала	читать	VERB	_	Aspect=Imp|Gender=Fem|Mood=Ind|Number=Sing|Tense=Past|VerbForm=Fin|Voice=Act	_	_	_	@alp1990f-words#@alp1990f#2068.021#2068.354"
"506	/	/	PUNCT	_	_	_	_	_	@alp1990f-words#@alp1990f#2068.354#2068.687"
"507	вот	вот	PART	_	_	_	_	_	@alp1990f-words#@alp1990f#2068.687#2069.02"
"508	наркозависимых	наркозависимый	ADJ	_	Case=Gen|Degree=Pos|Number=Plur	_	_	_	@alp1990f-words#@alp1990f#2069.02#2069.353"
"509	и	и	CCONJ	_	_	_	_	_	@alp1990f-words#@alp1990f#2069.353#2069.694"
"510	ну	ну	PART	_	_	_	_	_	@alp1990f-words#@alp1990f#2070.636#2070.744"
"511	да	да	INTJ	_	_	_	_	_	@alp1990f-words#@alp1990f#2070.744#2070.852"
"512	/	/	PUNCT	_	_	_	_	_	@alp1990f-words#@alp1990f#2070.852#2070.96"
"513	да	да	INTJ	_	_	_	_	_	@alp1990f-words#@alp1990f#2070.96#2071.068"
"514	то	то	PRON	_	Animacy=Inan|Case=Nom|Gender=Neut|Number=Sing	_	_	_	@alp1990f-words#@alp1990f#2071.068#2071.176"
"515	есть	быть	VERB	_	Aspect=Imp|Mood=Ind|Number=Sing|Person=3|Tense=Pres|VerbForm=Fin|Voice=Act	_	_	_	@alp1990f-words#@alp1990f#2071.176#2071.284"
"516	слушай	слушать	VERB	_	Aspect=Imp|Mood=Imp|Number=Sing|Person=2|VerbForm=Fin|Voice=Act	_	_	_	@alp1990f-words#@alp1990f#2072.397#2072.752"
"517	очень	очень	ADV	_	Degree=Pos	_	_	_	@alp1990f-words#@alp1990f#2072.752#2073.107"
"518	много	много	ADV	_	Degree=Pos	_	_	_	@alp1990f-words#@alp1990f#2073.107#2073.462"
"519	разных	разный	ADJ	_	Case=Gen|Degree=Pos|Number=Plur	_	_	_	@alp1990f-words#@alp1990f#2073.462#2073.817"
"520	есть	быть	VERB	_	Aspect=Imp|Mood=Ind|Number=Sing|Person=3|Tense=Pres|VerbForm=Fin|Voice=Act	_	_	_	@alp1990f-words#@alp1990f#2073.817#2074.172"
"521	аа	аа	INTJ	_	_	_	_	@alp1990f-words#@alp1990f#2074.172#2074.527"
"522	ну	ну	PART	_	_	_	_	_	@alp1990f-words#@alp1990f#2074.527#2074.882"
"523	в	в	ADP	_	_	_	_	_	@alp1990f-words#@alp1990f#2074.882#2075.237"
"524	интернете	интернет	NOUN	_	Animacy=Inan|Case=Loc|Gender=Masc|Number=Sing	_	_	_	@alp1990f-words#@alp1990f#2075.237#2075.592"
"525	там	там	ADV	_	Degree=Pos	_	_	_	@alp1990f-words#@alp1990f#2075.592#2075.947"
"526	форумов	форум	NOUN	_	Animacy=Inan|Case=Gen|Gender=Masc|Number=Plur	_	_	_	@alp1990f-words#@alp1990f#2075.947#2076.302"
"527	/	/	PUNCT	_	_	_	_	_	@alp1990f-words#@alp1990f#2076.302#2076.657"
"528	я	я	PRON	_	Case=Nom|Number=Sing|Person=1	_	_	_	@alp1990f-words#@alp1990f#2076.657#2077.012"
"529	называю	называть	VERB	_	Aspect=Imp|Mood=Ind|Number=Sing|Person=1|Tense=Pres|VerbForm=Fin|Voice=Act	_	_	_	@alp1990f-words#@alp1990f#2077.012#2077.367"
"530	это	этот	PRON	_	Animacy=Inan|Case=Acc|Gender=Neut|Number=Sing	_	_	_	@alp1990f-words#@alp1990f#2077.367#2077.722"
"531	дневники	дневник	NOUN	_	Animacy=Inan|Case=Acc|Gender=Masc|Number=Plur	_	_	_	@alp1990f-words#@alp1990f#2077.722#2078.09"
"532	но	но	CCONJ	_	_	_	_	_	@alp1990f-words#@alp1990f#2078.102#2078.364"
"533	просто	просто	PART	_	_	_	_	_	@alp1990f-words#@alp1990f#2078.364#2078.626"
"534	люди	человек	NOUN	_	Animacy=Anim|Case=Nom|Gender=Masc|Number=Plur	_	_	_	@alp1990f-words#@alp1990f#2078.626#2078.888"
"535	которые	который	PRON	_	Case=Nom	_	_	_	@alp1990f-words#@alp1990f#2078.888#2079.15"
"536	пишут	писать	VERB	_	Aspect=Imp|Mood=Ind|Number=Plur|Person=3|Tense=Pres|VerbForm=Fin|Voice=Act	_	_	_	@alp1990f-words#@alp1990f#2079.15#2079.412"
"537	вообще	вообще	ADV	_	Degree=Pos	_	_	_	@alp1990f-words#@alp1990f#2079.412#2079.674"
"538	что	что	PRON	_	Case=Nom	_	_	_	@alp1990f-words#@alp1990f#2079.674#2079.936"
"539	это	это	PRON	_	Animacy=Inan|Case=Nom|Gender=Neut|Number=Sing	_	_	_	@alp1990f-words#@alp1990f#2079.936#2080.198"
"540	такое	такой	DET	_	Case=Nom|Gender=Neut|Number=Sing	_	_	_	@alp1990f-words#@alp1990f#2080.198#2080.46"
"541	/	/	PUNCT	_	_	_	_	_	@alp1990f-words#@alp1990f#2080.46#2080.722"
"542	какую-то	какой-то	DET	_	Case=Acc|Gender=Fem|Number=Sing	_	_	_	@alp1990f-words#@alp1990f#2080.722#2080.984"
"543	литературу	литература	NOUN	_	Animacy=Inan|Case=Acc|Gender=Fem|Number=Sing	_	_	_	@alp1990f-words#@alp1990f#2080.984#2081.246"
"544	/	/	PUNCT	_	_	_	_	_	@alp1990f-words#@alp1990f#2081.246#2081.508"
"545	я	я	PRON	_	Case=Nom|Number=Sing|Person=1	_	_	_	@alp1990f-words#@alp1990f#2081.508#2081.77"
"546	даже	даже	PART	_	_	_	_	_	@alp1990f-words#@alp1990f#2081.77#2082.032"
"547	не	не	PART	_	_	_	_	_	@alp1990f-words#@alp1990f#2082.032#2082.294"
"548	помню	помнить	VERB	_	Aspect=Imp|Mood=Ind|Number=Sing|Person=1|Tense=Pres|VerbForm=Fin|Voice=Act	_	_	_	@alp1990f-words#@alp1990f#2082.294#2082.556"
"549	что	что	PRON	_	Case=Acc	_	_	_	@alp1990f-words#@alp1990f#2082.556#2082.818"
"550	именно	именно	PART	_	_	_	_	_	@alp1990f-words#@alp1990f#2082.818#2083.08"
"551	я	я	PRON	_	Case=Nom|Number=Sing|Person=1	_	_	_	@alp1990f-words#@alp1990f#2083.08#2083.342"
"552	читала	читать	VERB	_	Aspect=Imp|Gender=Fem|Mood=Ind|Number=Sing|Tense=Past|VerbForm=Fin|Voice=Act	_	_	_	@alp1990f-words#@alp1990f#2083.342#2083.604"
"553	/	/	PUNCT	_	_	_	_	_	@alp1990f-words#@alp1990f#2083.604#2083.866"
"554	мм	мм	INTJ	_	_	_	_	@alp1990f-words#@alp1990f#2083.866#2084.128"
"555	вот	вот	PART	_	_	_	_	_	@alp1990f-words#@alp1990f#2084.128#2084.39"
"556	м	м	INTJ	_	_	_	_	@alp1990f-words#@alp1990f#2084.39#2084.652"
"557	я	я	PRON	_	Case=Nom|Number=Sing|Person=1	_	_	_	@alp1990f-words#@alp1990f#2084.652#2084.914"
"558	обратила	обратить	VERB	_	Aspect=Perf|Gender=Fem|Mood=Ind|Number=Sing|Tense=Past|VerbForm=Fin|Voice=Act	_	_	_	@alp1990f-words#@alp1990f#2084.914#2085.176"
"559	внимание	внимание	NOUN	_	Animacy=Inan|Case=Acc|Gender=Neut|Number=Sing	_	_	_	@alp1990f-words#@alp1990f#2085.176#2085.454"
"560	на	на	ADP	_	_	_	_	_	@alp1990f-words#@alp1990f#2085.454#2085.686"
"561	то	то	PRON	_	Case=Acc|Gender=Neut|Number=Sing	_	_	_	@alp1990f-words#@alp1990f#2085.686#2085.918"
"562	что	что	SCONJ	_	Animacy=Inan|Case=Acc|Gender=Neut|Number=Sing	_	_	_	@alp1990f-words#@alp1990f#2085.918#2086.15"
"563	/	/	PUNCT	_	_	_	_	_	@alp1990f-words#@alp1990f#2086.15#2086.382"
"564	человек	человек	NOUN	_	Animacy=Anim|Case=Nom|Gender=Masc|Number=Sing	_	_	_	@alp1990f-words#@alp1990f#2086.382#2086.614"
"565	как	как	ADV	_	Degree=Pos	_	_	_	@alp1990f-words#@alp1990f#2086.614#2086.846"
"566	будто	будто	PART	_	_	_	_	_	@alp1990f-words#@alp1990f#2086.846#2087.078"
"567	бы	бы	PART	_	Mood=Cnd	_	_	_	@alp1990f-words#@alp1990f#2087.078#2087.31"
"568	/	/	PUNCT	_	_	_	_	_	@alp1990f-words#@alp1990f#2087.31#2087.542"
"569	в	в	ADP	_	_	_	_	_	@alp1990f-words#@alp1990f#2087.542#2087.774"
"570	диалоге	диалог	NOUN	_	Animacy=Inan|Case=Loc|Gender=Masc|Number=Sing	_	_	_	@alp1990f-words#@alp1990f#2087.774#2088.006"
"571	/	/	PUNCT	_	_	_	_	_	@alp1990f-words#@alp1990f#2088.006#2088.238"
"572	вот	вот	PART	_	_	_	_	_	@alp1990f-words#@alp1990f#2088.238#2088.47"
"573	с	с	ADP	_	_	_	_	_	@alp1990f-words#@alp1990f#2088.47#2088.702"
"574	веществом	вещество	NOUN	_	Animacy=Inan|Case=Ins|Gender=Neut|Number=Sing	_	_	_	@alp1990f-words#@alp1990f#2088.702#2088.934"
"575	то	то	PRON	_	Animacy=Inan|Case=Nom|Gender=Neut|Number=Sing	_	_	_	@alp1990f-words#@alp1990f#2088.934#2089.166"
"576	есть	быть	VERB	_	Aspect=Imp|Mood=Ind|Number=Sing|Person=3|Tense=Pres|VerbForm=Fin|Voice=Act	_	_	_	@alp1990f-words#@alp1990f#2089.166#2089.398"
"577	он	он	PRON	_	Case=Nom|Gender=Masc|Number=Sing|Person=3	_	_	_	@alp1990f-words#@alp1990f#2089.398#2089.63"
"578	постоянно	постоянно	ADV	_	Degree=Pos	_	_	_	@alp1990f-words#@alp1990f#2089.63#2089.862"
"579	думает	думать	VERB	_	Aspect=Imp|Mood=Ind|Number=Sing|Person=3|Tense=Pres|VerbForm=Fin|Voice=Act	_	_	_	@alp1990f-words#@alp1990f#2089.862#2090.094"
"580	об	о	ADP	_	_	_	_	_	@alp1990f-words#@alp1990f#2090.094#2090.326"
"581	этом	это	PRON	_	Animacy=Inan|Case=Loc|Gender=Neut|Number=Sing	_	_	_	@alp1990f-words#@alp1990f#2090.326#2090.558"
"582	/	/	PUNCT	_	_	_	_	_	@alp1990f-words#@alp1990f#2090.558#2090.79"
"583	то	то	PRON	_	Animacy=Inan|Case=Nom|Gender=Neut|Number=Sing	_	_	_	@alp1990f-words#@alp1990f#2090.79#2091.022"
"584	есть	быть	VERB	_	Aspect=Imp|Mood=Ind|Number=Sing|Person=3|Tense=Pres|VerbForm=Fin|Voice=Act	_	_	_	@alp1990f-words#@alp1990f#2091.022#2091.254"
"585	он	он	PRON	_	Case=Nom|Gender=Masc|Number=Sing|Person=3	_	_	_	@alp1990f-words#@alp1990f#2091.254#2091.486"
"586	как	как	ADV	_	Degree=Pos	_	_	_	@alp1990f-words#@alp1990f#2091.486#2091.718"
"587	бы	бы	PART	_	_	_	_	_	@alp1990f-words#@alp1990f#2091.718#2091.95"
"588	/	/	PUNCT	_	_	_	_	_	@alp1990f-words#@alp1990f#2091.95#2092.182"
"589	вот	вот	PART	_	_	_	_	_	@alp1990f-words#@alp1990f#2092.182#2092.414"
"590	если	если	SCONJ	_	_	_	_	_	@alp1990f-words#@alp1990f#2092.414#2092.646"
"591	например	например	ADV	_	Degree=Pos	_	_	_	@alp1990f-words#@alp1990f#2092.646#2092.878"
"592	в	в	ADP	_	_	_	_	_	@alp1990f-words#@alp1990f#2092.878#2093.11"
"593	сумочке	сумочка	NOUN	_	Animacy=Inan|Case=Loc|Gender=Fem|Number=Sing	_	_	_	@alp1990f-words#@alp1990f#2093.11#2093.342"
"594	лежит	лежать	VERB	_	Aspect=Imp|Mood=Ind|Number=Sing|Person=3|Tense=Pres|VerbForm=Fin|Voice=Act	_	_	_	@alp1990f-words#@alp1990f#2093.342#2093.574"
"595	/	/	PUNCT	_	_	_	_	_	@alp1990f-words#@alp1990f#2093.574#2093.806"
"596	я	я	PRON	_	Case=Nom|Number=Sing|Person=1	_	_	_	@alp1990f-words#@alp1990f#2093.806#2094.038"
"597	как	как	ADV	_	Degree=Pos	_	_	_	@alp1990f-words#@alp1990f#2094.038#2094.27"
"598	бы	бы	PART	_	_	_	_	_	@alp1990f-words#@alp1990f#2094.27#2094.502"
"599	с	с	ADP	_	_	_	_	_	@alp1990f-words#@alp1990f#2094.502#2094.734"
"600	тобой	ты	PRON	_	Case=Ins|Number=Sing|Person=2	_	_	_	@alp1990f-words#@alp1990f#2094.734#2094.966"
"601	разговариваю	разговаривать	VERB	_	Aspect=Imp|Mood=Ind|Number=Sing|Person=1|Tense=Pres|VerbForm=Fin|Voice=Act	_	_	_	@alp1990f-words#@alp1990f#2094.966#2095.198"
"602	но	но	CCONJ	_	_	_	_	_	@alp1990f-words#@alp1990f#2095.198#2095.43"
"603	там	там	ADV	_	Degree=Pos	_	_	_	@alp1990f-words#@alp1990f#2095.43#2095.662"
"604	перепроверяю	перепроверять	VERB	_	Aspect=Imp|Mood=Ind|Number=Sing|Person=1|Tense=Pres|VerbForm=Fin|Voice=Act	_	_	_	@alp1990f-words#@alp1990f#2095.662#2095.894"
"605	/	/	PUNCT	_	_	_	_	_	@alp1990f-words#@alp1990f#2095.894#2096.168"
"606	есть	быть	VERB	_	Aspect=Imp|Mood=Ind|Number=Plur|Person=3|Tense=Pres|VerbForm=Fin|Voice=Act	_	_	_	@alp1990f-words#@alp1990f#2096.168#2096.448"
"607	ли	ли	PART	_	_	_	_	_	@alp1990f-words#@alp1990f#2096.448#2096.728"
"608	/	/	PUNCT	_	_	_	_	_	@alp1990f-words#@alp1990f#2096.728#2097.008"
"609	ну	ну	PART	_	_	_	_	_	@alp1990f-words#@alp1990f#2097.008#2097.288"
"610	там	там	ADV	_	Degree=Pos	_	_	_	@alp1990f-words#@alp1990f#2097.288#2097.568"
"611	вот	вот	PART	_	_	_	_	_	@alp1990f-words#@alp1990f#2097.568#2097.848"
"612	щас	щас	ADV	_	Degree=Pos	_	_	_	@alp1990f-words#@alp1990f#2097.848#2098.128"
"613	лежит	лежать	VERB	_	Aspect=Imp|Mood=Ind|Number=Sing|Person=3|Tense=Pres|VerbForm=Fin|Voice=Act	_	_	_	@alp1990f-words#@alp1990f#2098.128#2098.408"
"614	же	же	PART	_	_	_	_	_	@alp1990f-words#@alp1990f#2098.408#2098.688"
"615	/	/	PUNCT	_	_	_	_	_	@alp1990f-words#@alp1990f#2098.688#2098.968"
"616	то	то	PRON	_	Animacy=Inan|Case=Nom|Gender=Neut|Number=Sing	_	_	_	@alp1990f-words#@alp1990f#2098.968#2099.248"
"617	есть	быть	VERB	_	Aspect=Imp|Mood=Ind|Number=Sing|Person=3|Tense=Pres|VerbForm=Fin|Voice=Act	_	_	_	@alp1990f-words#@alp1990f#2099.248#2099.528"
"618	все	весь	DET	_	Case=Nom|Gender=Neut|Number=Sing	_	_	_	@alp1990f-words#@alp1990f#2099.528#2099.808"
"619	внимание	внимание	NOUN	_	Animacy=Inan|Case=Nom|Gender=Neut|Number=Sing	_	_	_	@alp1990f-words#@alp1990f#2099.808#2100.088"
"620	постоянно	постоянно	ADV	_	Degree=Pos	_	_	_	@alp1990f-words#@alp1990f#2100.088#2100.368"
"621	где-то	где-то	ADV	_	Degree=Pos	_	_	_	@alp1990f-words#@alp1990f#2100.368#2100.648"
"623	в	в	ADP	_	_	_	_	_	@alp1990f-words#@alp1990f#2100.928#2101.208"
"624	другом	другой	DET	_	Case=Loc|Degree=Pos|Gender=Neut|Number=Sing	_	_	_	@alp1990f-words#@alp1990f#2101.208#2101.488"
"625	месте	место	NOUN	_	Animacy=Inan|Case=Loc|Gender=Neut|Number=Sing	_	_	_	@alp1990f-words#@alp1990f#2101.488#2101.768"
"626	мне	я	PRON	_	Case=Dat|Number=Sing|Person=1	_	_	_	@alp1990f-words#@alp1990f#2101.768#2102.048"
"627	было	быть	AUX	_	Aspect=Imp|Gender=Neut|Mood=Ind|Number=Sing|Tense=Past|VerbForm=Fin|Voice=Act	_	_	_	@alp1990f-words#@alp1990f#2102.048#2102.328"
"628	/	/	PUNCT	_	_	_	_	_	@alp1990f-words#@alp1990f#2102.328#2102.608"
"629	опять	опять	ADV	_	Degree=Pos	_	_	_	@alp1990f-words#@alp1990f#2102.608#2102.888"
"630	же	же	PART	_	_	_	_	_	@alp1990f-words#@alp1990f#2102.888#2103.168"
"631	как-то	как-то	ADV	_	Degree=Pos	_	_	_	@alp1990f-words#@alp1990f#2103.168#2103.448"
"633	/	/	PUNCT	_	_	_	_	_	@alp1990f-words#@alp1990f#2103.728#2104.008"
"634	интересно	интересно	ADV	_	Degree=Pos	_	_	_	@alp1990f-words#@alp1990f#2104.008#2104.288"
"635	а	а	CCONJ	_	_	_	_	_	@alp1990f-words#@alp1990f#2104.288#2104.568"
"636	что	что	PRON	_	Case=Nom	_	_	_	@alp1990f-words#@alp1990f#2104.568#2104.848"
"637	вот	вот	PART	_	_	_	_	_	@alp1990f-words#@alp1990f#2104.848#2105.128"
"638	в	в	ADP	_	_	_	_	_	@alp1990f-words#@alp1990f#2105.128#2105.408"
"639	моей	мой	DET	_	Case=Loc|Gender=Fem|Number=Sing	_	_	_	@alp1990f-words#@alp1990f#2105.408#2105.688"
"640	жизни	жизнь	NOUN	_	Animacy=Inan|Case=Loc|Gender=Fem|Number=Sing	_	_	_	@alp1990f-words#@alp1990f#2105.688#2105.968"
"641	такого	такой	DET	_	Case=Gen|Gender=Masc|Number=Sing	_	_	_	@alp1990f-words#@alp1990f#2105.968#2106.248"
"642	/	/	PUNCT	_	_	_	_	_	@alp1990f-words#@alp1990f#2106.248#2106.528"
"643	и	и	CCONJ	_	_	_	_	_	@alp1990f-words#@alp1990f#2106.528#2106.808"
"644	я	я	PRON	_	Case=Nom|Number=Sing|Person=1	_	_	_	@alp1990f-words#@alp1990f#2106.808#2107.088"
"645	поняла	понять	VERB	_	Aspect=Perf|Gender=Fem|Mood=Ind|Number=Sing|Tense=Past|VerbForm=Fin|Voice=Act	_	_	_	@alp1990f-words#@alp1990f#2107.088#2107.368"
"646	что	что	SCONJ	_	_	_	_	_	@alp1990f-words#@alp1990f#2107.368#2107.648"
"647	я	я	PRON	_	Case=Nom|Number=Sing|Person=1	_	_	_	@alp1990f-words#@alp1990f#2107.648#2107.928"
"648	есть есть	VERB	_	Aspect=Imp|VerbForm=Inf|Voice=Act	_	_	_	@alp1990f-words#@alp1990f#2107.928#2108.208"
"649	люблю	любить	VERB	_	Aspect=Imp|Mood=Ind|Number=Sing|Person=1|Tense=Pres|VerbForm=Fin|Voice=Act	_	_	_	@alp1990f-words#@alp1990f#2108.208#2108.488"
"650	ну	ну	PART	_	_	_	_	_	@alp1990f-words#@alp1990f#2108.488#2108.768"
"651	/	/	PUNCT	_	_	_	_	_	@alp1990f-words#@alp1990f#2108.768#2109.048"
"652	люблю	любить	VERB	_	Aspect=Imp|Mood=Ind|Number=Sing|Person=1|Tense=Pres|VerbForm=Fin|Voice=Act	_	_	_	@alp1990f-words#@alp1990f#2109.048#2109.328"
"653	вот	вот	PART	_	_	_	_	_	@alp1990f-words#@alp1990f#2109.328#2109.608"
"654	поесть	поесть	VERB	_	Aspect=Perf|VerbForm=Inf|Voice=Act	_	_	_	@alp1990f-words#@alp1990f#2109.608#2109.888"
"655	/	/	PUNCT	_	_	_	_	_	@alp1990f-words#@alp1990f#2109.888#2110.179"
"656	люблю	любить	NOUN	_	Animacy=Inan|Case=Acc|Gender=Fem|Number=Sing	_	_	_	@alp1990f-words#@alp1990f#2110.179#2110.508"
"657	что-нибудь	что-нибудь	PRON	_	Case=Acc	_	_	_	@alp1990f-words#@alp1990f#2110.508#2110.837"
"658	сладенькое	сладенький	ADJ	_	Case=Acc|Degree=Pos|Gender=Neut|Number=Sing	_	_	_	@alp1990f-words#@alp1990f#2110.837#2111.166"
"659	/	/	PUNCT	_	_	_	_	_	@alp1990f-words#@alp1990f#2111.166#2111.495"
"660	люблю	любить	VERB	_	Aspect=Imp|Mood=Ind|Number=Sing|Person=1|Tense=Pres|VerbForm=Fin|Voice=Act	_	_	_	@alp1990f-words#@alp1990f#2111.495#2111.824"
"661	думаю	думать	VERB	_	Aspect=Imp|Mood=Ind|Number=Sing|Person=1|Tense=Pres|VerbForm=Fin|Voice=Act	_	_	_	@alp1990f-words#@alp1990f#2111.824#2112.153"
"662	а	а	CCONJ	_	_	_	_	_	@alp1990f-words#@alp1990f#2112.153#2112.482"
"663	что	что	PRON	_	Case=Nom	_	_	_	@alp1990f-words#@alp1990f#2112.482#2112.811"
"664	вот	вот	PART	_	_	_	_	_	@alp1990f-words#@alp1990f#2112.811#2113.14"
"665	если	если	SCONJ	_	_	_	_	_	@alp1990f-words#@alp1990f#2113.14#2113.469"
"666	я	я	PRON	_	Case=Nom|Number=Sing|Person=1	_	_	_	@alp1990f-words#@alp1990f#2113.469#2113.798"
"667	/	/	PUNCT	_	_	_	_	_	@alp1990f-words#@alp1990f#2113.798#2114.127"
"668	ограничу	ограничить	VERB	_	Aspect=Perf|Mood=Ind|Number=Sing|Person=1|Tense=Fut|VerbForm=Fin|Voice=Act	_	_	_	@alp1990f-words#@alp1990f#2114.127#2114.456"
"669	себя	себя	PRON	_	Case=Acc	_	_	_	@alp1990f-words#@alp1990f#2114.456#2114.785"
"670	/	/	PUNCT	_	_	_	_	_	@alp1990f-words#@alp1990f#2114.785#2115.114"
"671	я	я	PRON	_	Case=Nom|Number=Sing|Person=1	_	_	_	@alp1990f-words#@alp1990f#2115.114#2115.443"
"672	буду	быть	AUX	_	Aspect=Imp|Mood=Ind|Number=Sing|Person=1|Tense=Pres|VerbForm=Fin|Voice=Act	_	_	_	@alp1990f-words#@alp1990f#2115.443#2115.772"
"673	думать	думать	VERB	_	Aspect=Imp|VerbForm=Inf|Voice=Act	_	_	_	@alp1990f-words#@alp1990f#2115.772#2116.101"
"674	об	о	ADP	_	_	_	_	_	@alp1990f-words#@alp1990f#2116.101#2116.43"
"675	этом	это	PRON	_	Animacy=Inan|Case=Loc|Gender=Neut|Number=Sing	_	_	_	@alp1990f-words#@alp1990f#2116.43#2116.759"
"676	постоянно	постоянно	ADV	_	Degree=Pos	_	_	_	@alp1990f-words#@alp1990f#2116.759#2117.088"
"677	?	?	PUNCT	_	_	_	_	_	@alp1990f-words#@alp1990f#2117.088#2117.417"
"678	/	/	PUNCT	_	_	_	_	_	@alp1990f-words#@alp1990f#2117.417#2117.746"
"679	и	и	CCONJ	_	_	_	_	_	@alp1990f-words#@alp1990f#2117.746#2118.075"
"680	я	я	PRON	_	Case=Nom|Number=Sing|Person=1	_	_	_	@alp1990f-words#@alp1990f#2118.075#2118.404"
"681	реально	реально	ADV	_	Degree=Pos	_	_	_	@alp1990f-words#@alp1990f#2118.404#2118.733"
"682	думала	думать	VERB	_	Aspect=Imp|Gender=Fem|Mood=Ind|Number=Sing|Tense=Past|VerbForm=Fin|Voice=Act	_	_	_	@alp1990f-words#@alp1990f#2118.733#2119.062"
"683	/	/	PUNCT	_	_	_	_	_	@alp1990f-words#@alp1990f#2119.062#2119.391"
"684	ну	ну	PART	_	_	_	_	_	@alp1990f-words#@alp1990f#2119.391#2119.72"
"685	то	то	PRON	_	Animacy=Inan|Case=Nom|Gender=Neut|Number=Sing	_	_	_	@alp1990f-words#@alp1990f#2119.72#2120.049"
"686	есть	быть	VERB	_	Aspect=Imp|Mood=Ind|Number=Sing|Person=3|Tense=Pres|VerbForm=Fin|Voice=Act	_	_	_	@alp1990f-words#@alp1990f#2120.049#2120.378"
"687	я	я	PRON	_	Case=Nom|Number=Sing|Person=1	_	_	_	@alp1990f-words#@alp1990f#2120.378#2120.707"
"688	мм	мм	INTJ	_	Animacy=Inan|Case=Acc|Gender=Masc|Number=Sing	_	_	_	@alp1990f-words#@alp1990f#2120.707#2121.036"
"689	я	я	PRON	_	Case=Nom|Number=Sing|Person=1	_	_	_	@alp1990f-words#@alp1990f#2121.036#2121.365"
"690	месяц	месяц	NOUN	_	Animacy=Inan|Case=Acc|Gender=Masc|Number=Sing	_	_	_	@alp1990f-words#@alp1990f#2121.365#2121.694"
"691	пила	пить	VERB	_	Aspect=Perf|Gender=Fem|Mood=Ind|Number=Sing|Tense=Past|VerbForm=Fin|Voice=Act	_	_	_	@alp1990f-words#@alp1990f#2121.694#2122.023"
"692	воду	вода	NOUN	_	Animacy=Inan|Case=Acc|Gender=Fem|Number=Sing	_	_	_	@alp1990f-words#@alp1990f#2122.023#2122.352"
"693	/	/	PUNCT	_	_	_	_	_	@alp1990f-words#@alp1990f#2122.352#2122.681"
"694	соки	сок	NOUN	_	Animacy=Inan|Case=Acc|Gender=Masc|Number=Plur	_	_	_	@alp1990f-words#@alp1990f#2122.681#2123.01"
"695	и	и	CCONJ	_	_	_	_	_	@alp1990f-words#@alp1990f#2123.01#2123.339"
"696	/	/	PUNCT	_	_	_	_	_	@alp1990f-words#@alp1990f#2123.339#2123.668"
"697	и	и	CCONJ	_	_	_	_	_	@alp1990f-words#@alp1990f#2123.668#2123.997"
"698	чай	чай	NOUN	_	Animacy=Inan|Case=Acc|Gender=Masc|Number=Sing	_	_	_	@alp1990f-words#@alp1990f#2123.997#2124.326"
"699	/	/	PUNCT	_	_	_	_	_	@alp1990f-words#@alp1990f#2124.326#2124.655"
"700	травяной	травяной	ADJ	_	Case=Acc|Degree=Pos|Gender=Fem|Number=Sing	_	_	_	@alp1990f-words#@alp1990f#2124.655#2124.984"
"701	это	это	PRON	_	Animacy=Inan|Case=Nom|Gender=Neut|Number=Sing	_	_	_	@alp1990f-words#@alp1990f#2124.984#2125.313"
"702	нормально	нормально	ADV	_	Degree=Pos	_	_	_	@alp1990f-words#@alp1990f#2125.313#2125.642"
"703	/	/	PUNCT	_	_	_	_	_	@alp1990f-words#@alp1990f#2125.642#2126.0"
"704	ну	ну	PART	_	_	_	_	_	@alp1990f-words#@alp1990f#2126.0#2126.247"
"705	то	то	PRON	_	Animacy=Inan|Case=Nom|Gender=Neut|Number=Sing	_	_	_	@alp1990f-words#@alp1990f#2126.247#2126.494"
"706	есть	быть	VERB	_	Aspect=Imp|Mood=Ind|Number=Sing|Person=3|Tense=Pres|VerbForm=Fin|Voice=Act	_	_	_	@alp1990f-words#@alp1990f#2126.494#2126.741"
"707	как	как	ADV	_	Degree=Pos	_	_	_	@alp1990f-words#@alp1990f#2126.741#2126.988"
"708	бы	бы	PART	_	_	_	_	_	@alp1990f-words#@alp1990f#2126.988#2127.235"
"709	для	для	ADP	_	_	_	_	_	@alp1990f-words#@alp1990f#2127.235#2127.482"
"710	организма	организм	NOUN	_	Animacy=Inan|Case=Gen|Gender=Masc|Number=Sing	_	_	_	@alp1990f-words#@alp1990f#2127.482#2127.729"
"711	это	это	PRON	_	Animacy=Inan|Case=Nom|Gender=Neut|Number=Sing	_	_	_	@alp1990f-words#@alp1990f#2127.729#2127.976"
"712	приемлимо	приемлимо	ADJ	_	Degree=Pos|Gender=Neut|Number=Sing|Variant=Short	_	_	_	@alp1990f-words#@alp1990f#2127.976#2128.223"
"713	/	/	PUNCT	_	_	_	_	_	@alp1990f-words#@alp1990f#2128.223#2128.47"
"714	то	то	PRON	_	Animacy=Inan|Case=Nom|Gender=Neut|Number=Sing	_	_	_	@alp1990f-words#@alp1990f#2128.47#2128.717"
"715	есть	быть	VERB	_	Aspect=Imp|Mood=Ind|Number=Sing|Person=3|Tense=Pres|VerbForm=Fin|Voice=Act	_	_	_	@alp1990f-words#@alp1990f#2128.717#2128.964"
"716	я	я	PRON	_	Case=Nom|Number=Sing|Person=1	_	_	_	@alp1990f-words#@alp1990f#2128.964#2129.211"
"717	советовалась	советоваться	VERB	_	Aspect=Imp|Gender=Fem|Mood=Ind|Number=Sing|Tense=Past|VerbForm=Fin|Voice=Mid	_	_	_	@alp1990f-words#@alp1990f#2129.211#2129.458"
"718	/	/	PUNCT	_	_	_	_	_	@alp1990f-words#@alp1990f#2129.458#2129.705"
"719	все	все	PRON	_	Animacy=Inan|Case=Nom|Gender=Neut|Number=Sing	_	_	_	@alp1990f-words#@alp1990f#2129.705#2129.952"
"720	нормально	нормальный	ADJ	_	Degree=Pos|Gender=Neut|Number=Sing|Variant=Short	_	_	_	@alp1990f-words#@alp1990f#2129.952#2130.199"
"721	/	/	PUNCT	_	_	_	_	_	@alp1990f-words#@alp1990f#2130.199#2130.446"
"722	это	это	PRON	_	Animacy=Inan|Case=Nom|Gender=Neut|Number=Sing	_	_	_	@alp1990f-words#@alp1990f#2130.446#2130.693"
"723	такое	такой	ADJ	_	Case=Nom|Degree=Pos|Gender=Neut|Number=Sing	_	_	_	@alp1990f-words#@alp1990f#2130.693#2130.94"
"724	даже	даже	PART	_	_	_	_	_	@alp1990f-words#@alp1990f#2130.94#2131.187"
"725	очищающее	очищать	VERB	_	Aspect=Imp|Case=Nom|Gender=Neut|Number=Sing|Tense=Pres|VerbForm=Part|Voice=Act	_	_	_	@alp1990f-words#@alp1990f#2131.187#2131.434"
"726	/	/	PUNCT	_	_	_	_	_	@alp1990f-words#@alp1990f#2131.434#2131.681"
"727	в	в	ADP	_	_	_	_	_	@alp1990f-words#@alp1990f#2131.681#2131.928"
"728	как..	какой-то	DET	_	Animacy=Inan|Case=Loc|Gender=Fem|Number=Sing	_	_	_	@alp1990f-words#@alp1990f#2131.928#2132.175"
"729	в	в	ADP	_	_	_	_	_	@alp1990f-words#@alp1990f#2132.175#2132.422"
"730	какой-то	какой-то	DET	_	Case=Loc|Gender=Fem|Number=Sing	_	_	_	@alp1990f-words#@alp1990f#2132.422#2132.669"
"731	мере	мера	NOUN	_	Animacy=Inan|Case=Loc|Gender=Fem|Number=Sing	_	_	_	@alp1990f-words#@alp1990f#2132.669#2132.916"
"732	/	/	PUNCT	_	_	_	_	_	@alp1990f-words#@alp1990f#2132.916#2133.163"
"733	диета	диета	NOUN	_	Animacy=Inan|Case=Nom|Gender=Masc|Number=Sing	_	_	_	@alp1990f-words#@alp1990f#2133.163#2133.41"
"734	я	я	PRON	_	Case=Nom|Number=Sing|Person=1	_	_	_	@alp1990f-words#@alp1990f#2133.41#2133.657"
"735	думала	думать	VERB	_	Aspect=Imp|Gender=Fem|Mood=Ind|Number=Sing|Tense=Past|VerbForm=Fin|Voice=Act	_	_	_	@alp1990f-words#@alp1990f#2133.657#2133.904"
"736	о	о	ADP	_	_	_	_	_	@alp1990f-words#@alp1990f#2133.904#2134.151"
"737	еде	еда	NOUN	_	Animacy=Inan|Case=Loc|Gender=Fem|Number=Sing	_	_	_	@alp1990f-words#@alp1990f#2134.151#2134.398"
"738	первое	первый	ADJ	_	Case=Acc|Degree=Pos|Gender=Neut|Number=Sing	_	_	_	@alp1990f-words#@alp1990f#2134.398#2134.645"
"739	время	время	NOUN	_	Animacy=Inan|Case=Acc|Gender=Neut|Number=Sing	_	_	_	@alp1990f-words#@alp1990f#2134.645#2134.892"
"740	/	/	PUNCT	_	_	_	_	_	@alp1990f-words#@alp1990f#2134.892#2135.139"
"741	потом	потом	ADV	_	Degree=Pos	_	_	_	@alp1990f-words#@alp1990f#2135.139#2135.386"
"742	я	я	PRON	_	Case=Nom|Number=Sing|Person=1	_	_	_	@alp1990f-words#@alp1990f#2135.386#2135.633"
"743	начала	начать	VERB	_	Aspect=Perf|Gender=Fem|Mood=Ind|Number=Sing|Tense=Past|VerbForm=Fin|Voice=Act	_	_	_	@alp1990f-words#@alp1990f#2135.633#2135.88"
"744	кайфовать	кайфовать	VERB	_	Aspect=Imp|VerbForm=Inf|Voice=Act	_	_	_	@alp1990f-words#@alp1990f#2135.88#2136.127"
"745	/	/	PUNCT	_	_	_	_	_	@alp1990f-words#@alp1990f#2136.127#2136.4"
"746	потому	потому	ADV	_	Degree=Pos	_	_	_	@alp1990f-words#@alp1990f#2136.41#2136.758"
"747	что	что	SCONJ	_	_	_	_	_	@alp1990f-words#@alp1990f#2136.758#2137.106"
"748	начинает	начинать	VERB	_	Aspect=Imp|Mood=Ind|Number=Sing|Person=3|Tense=Pres|VerbForm=Fin|Voice=Act	_	_	_	@alp1990f-words#@alp1990f#2137.106#2137.454"
"749	энергия	энергия	NOUN	_	Animacy=Inan|Case=Nom|Gender=Fem|Number=Sing	_	_	_	@alp1990f-words#@alp1990f#2137.454#2137.802"
"750	какая-то	какой-то	DET	_	Case=Nom|Gender=Fem|Number=Sing	_	_	_	@alp1990f-words#@alp1990f#2137.802#2138.15"
"751	в...	в...	X	_	_	_	_	@alp1990f-words#@alp1990f#2138.15#2138.498"
"752	появляться	появляться	VERB	_	Aspect=Imp|VerbForm=Inf|Voice=Mid	_	_	_	@alp1990f-words#@alp1990f#2138.498#2138.846"
"753	у	у	ADP	_	_	_	_	_	@alp1990f-words#@alp1990f#2138.846#2139.194"
"754	тебя	ты	PRON	_	Case=Gen|Number=Sing|Person=2	_	_	_	@alp1990f-words#@alp1990f#2139.194#2139.542"
"755	/	/	PUNCT	_	_	_	_	_	@alp1990f-words#@alp1990f#2139.542#2139.89"
"756	и	и	CCONJ	_	_	_	_	_	@alp1990f-words#@alp1990f#2139.89#2140.238"
"757	куча	куча	NOUN	_	Animacy=Inan|Case=Nom|Gender=Fem|Number=Sing	_	_	_	@alp1990f-words#@alp1990f#2140.238#2140.586"
"758	свободного	свободный	ADJ	_	Case=Gen|Degree=Pos|Gender=Neut|Number=Sing	_	_	_	@alp1990f-words#@alp1990f#2140.586#2140.934"
"759	времени	время	NOUN	_	Animacy=Inan|Case=Gen|Gender=Neut|Number=Sing	_	_	_	@alp1990f-words#@alp1990f#2140.934#2141.282"
"760	/	/	PUNCT	_	_	_	_	_	@alp1990f-words#@alp1990f#2141.282#2141.63"
"761	ты	ты	PRON	_	Case=Nom|Number=Sing|Person=2	_	_	_	@alp1990f-words#@alp1990f#2141.63#2141.978"
"762	понимаешь	понимать	VERB	_	Aspect=Imp|Mood=Ind|Number=Sing|Person=2|Tense=Pres|VerbForm=Fin|Voice=Act	_	_	_	@alp1990f-words#@alp1990f#2141.978#2142.326"
"763	то	то	PRON	_	_	_	_	_	@alp1990f-words#@alp1990f#2142.326#2142.674"
"764	что	что	SCONJ	_	Case=Nom	_	_	_	@alp1990f-words#@alp1990f#2142.674#2143.022"
"765	ну	ну	PART	_	_	_	_	_	@alp1990f-words#@alp1990f#2143.022#2143.37"
"766	это	это	PRON	_	Animacy=Inan|Case=Nom|Gender=Neut|Number=Sing	_	_	_	@alp1990f-words#@alp1990f#2143.37#2143.718"
"767	вообще	вообще	ADV	_	Degree=Pos	_	_	_	@alp1990f-words#@alp1990f#2143.718#2144.066"
"768	отдельная	отдельный	ADJ	_	Case=Nom|Degree=Pos|Gender=Fem|Number=Sing	_	_	_	@alp1990f-words#@alp1990f#2144.066#2144.414"
"769	история	история	NOUN	_	Animacy=Inan|Case=Nom|Gender=Fem|Number=Sing	_	_	_	@alp1990f-words#@alp1990f#2144.414#2144.762"
"770	про	про	ADP	_	_	_	_	_	@alp1990f-words#@alp1990f#2144.762#2145.11"
"771	мое	мой	DET	_	Case=Acc|Gender=Neut|Number=Sing	_	_	_	@alp1990f-words#@alp1990f#2145.11#2145.458"
"772	голодание	голодание	NOUN	_	Animacy=Inan|Case=Acc|Gender=Neut|Number=Sing	_	_	_	@alp1990f-words#@alp1990f#2145.458#2145.806"
"773	тогда	тогда	ADV	_	Degree=Pos	_	_	_	@alp1990f-words#@alp1990f#2145.806#2146.168"
"774	и	и	CCONJ	_	_	_	_	_	@alp1990f-words#@alp1990f#2146.168#2146.478"
"775	помимо	помимо	ADP	_	_	_	_	_	@alp1990f-words#@alp1990f#2146.478#2146.788"
"776	/	/	PUNCT	_	_	_	_	_	@alp1990f-words#@alp1990f#2146.788#2147.098"
"777	всего	всего	DET	_	Case=Gen|Gender=Neut|Number=Sing	_	_	_	@alp1990f-words#@alp1990f#2147.098#2147.408"
"778	прочего	прочий	ADJ	_	Case=Gen|Degree=Pos|Gender=Neut|Number=Sing	_	_	_	@alp1990f-words#@alp1990f#2147.408#2147.718"
"779	/	/	PUNCT	_	_	_	_	_	@alp1990f-words#@alp1990f#2147.718#2148.028"
"780	помимо	помимо	ADP	_	_	_	_	_	@alp1990f-words#@alp1990f#2148.028#2148.338"
"781	вот	вот	PART	_	_	_	_	_	@alp1990f-words#@alp1990f#2148.338#2148.648"
"782	этого	этот	DET	_	Case=Gen|Gender=Neut|Number=Sing	_	_	_	@alp1990f-words#@alp1990f#2148.648#2148.958"
"783	голодания	голодание	NOUN	_	Animacy=Inan|Case=Gen|Gender=Neut|Number=Sing	_	_	_	@alp1990f-words#@alp1990f#2148.958#2149.268"
"784	/	/	PUNCT	_	_	_	_	_	@alp1990f-words#@alp1990f#2149.268#2149.578"
"785	которое	который	PRON	_	Case=Acc	_	_	_	@alp1990f-words#@alp1990f#2149.578#2149.888"
"786	сделала	сделать	VERB	_	Aspect=Perf|Gender=Fem|Mood=Ind|Number=Sing|Tense=Past|VerbForm=Fin|Voice=Act	_	_	_	@alp1990f-words#@alp1990f#2149.888#2150.198"
"787	/	/	PUNCT	_	_	_	_	_	@alp1990f-words#@alp1990f#2150.198#2150.508"
"788	я	я	PRON	_	Case=Nom|Number=Sing|Person=1	_	_	_	@alp1990f-words#@alp1990f#2150.508#2150.818"
"789	еще	еще	ADV	_	Degree=Pos	_	_	_	@alp1990f-words#@alp1990f#2150.818#2151.128"
"790	ээ	ээ	INTJ	_	_	_	_	_	@alp1990f-words#@alp1990f#2151.128#2151.438"
"791	я	я	PRON	_	Case=Nom|Number=Sing|Person=1	_	_	_	@alp1990f-words#@alp1990f#2151.438#2151.748"
"792	же	же	PART	_	_	_	_	_	@alp1990f-words#@alp1990f#2151.748#2152.058"
"793	занимаюсь	заниматься	VERB	_	Aspect=Imp|Mood=Ind|Number=Sing|Person=1|Tense=Pres|VerbForm=Fin|Voice=Mid	_	_	_	@alp1990f-words#@alp1990f#2152.058#2152.368"
"794	с	с	ADP	_	_	_	_	_	@alp1990f-words#@alp1990f#2152.368#2152.678"
"795	ээ	ээ	INTJ	_	Animacy=Inan|Case=Gen|Gender=Fem|Number=Sing	_	_	_	@alp1990f-words#@alp1990f#2152.678#2152.988"
"796	с	с	ADP	_	_	_	_	_	@alp1990f-words#@alp1990f#2152.988#2153.298"
"797	коучем	коуч	PRON	_	Animacy=Anim|Case=Ins|Gender=Masc|Number=Sing	_	_	_	@alp1990f-words#@alp1990f#2153.298#2153.608"
"798	/	/	PUNCT	_	_	_	_	_	@alp1990f-words#@alp1990f#2153.608#2153.918"
"799	с	с	ADP	_	_	_	_	_	@alp1990f-words#@alp1990f#2153.918#2154.228"
"800	педагогом	педагог	NOUN	_	Animacy=Inan|Case=Ins|Gender=Masc|Number=Sing	_	_	_	@alp1990f-words#@alp1990f#2154.228#2154.538"
"801	тоже	тоже	PART	_	_	_	_	_	@alp1990f-words#@alp1990f#2154.538#2154.848"
"802	вот	вот	PART	_	_	_	_	_	@alp1990f-words#@alp1990f#2154.848#2155.158"
"803	/	/	PUNCT	_	_	_	_	_	@alp1990f-words#@alp1990f#2155.158#2155.468"
"804	ээ	ээ	INTJ	_	_	_	_	_	@alp1990f-words#@alp1990f#2155.468#2155.778"
"805	/	/	PUNCT	_	_	_	_	_	@alp1990f-words#@alp1990f#2155.778#2156.088"
"806	по	по	ADP	_	_	_	_	_	@alp1990f-words#@alp1990f#2156.088#2156.398"
"807	актерскому	актерский	ADJ	_	Case=Dat|Degree=Pos|Gender=Neut|Number=Sing	_	_	_	@alp1990f-words#@alp1990f#2156.398#2156.708"
"808	мастерству	мастерство	NOUN	_	Animacy=Inan|Case=Dat|Gender=Neut|Number=Sing	_	_	_	@alp1990f-words#@alp1990f#2156.708#2157.018"
"809	/	/	PUNCT	_	_	_	_	_	@alp1990f-words#@alp1990f#2157.018#2157.36"
"810	он	он	PRON	_	Case=Nom|Gender=Masc|Number=Sing|Person=3	_	_	_	@alp1990f-words#@alp1990f#2157.36#2157.778"
"811	мне	я	PRON	_	Case=Dat|Number=Sing|Person=1	_	_	_	@alp1990f-words#@alp1990f#2157.778#2158.196"
"812	показывал	показывать	VERB	_	Aspect=Imp|Gender=Masc|Mood=Ind|Number=Sing|Tense=Past|VerbForm=Fin|Voice=Act	_	_	_	@alp1990f-words#@alp1990f#2158.196#2158.614"
"813	упражнение	упражнение	NOUN	_	Animacy=Inan|Case=Acc|Gender=Neut|Number=Sing	_	_	_	@alp1990f-words#@alp1990f#2158.614#2159.032"
"814	/	/	PUNCT	_	_	_	_	_	@alp1990f-words#@alp1990f#2159.032#2159.45"
"815	это	это	PRON	_	Animacy=Inan|Case=Nom|Gender=Neut|Number=Sing	_	_	_	@alp1990f-words#@alp1990f#2159.45#2159.868"
"816	есть	быть	VERB	_	Aspect=Imp|Mood=Ind|Number=Sing|Person=3|Tense=Pres|VerbForm=Fin|Voice=Act	_	_	_	@alp1990f-words#@alp1990f#2159.868#2160.286"
"817	целое	целый	ADJ	_	Case=Nom|Degree=Pos|Gender=Neut|Number=Sing	_	_	_	@alp1990f-words#@alp1990f#2160.286#2160.704"
"818	упражнение	упражнение	NOUN	_	Animacy=Inan|Case=Nom|Gender=Neut|Number=Sing	_	_	_	@alp1990f-words#@alp1990f#2160.704#2161.122"
"819	когда	когда	ADV	_	Degree=Pos	_	_	_	@alp1990f-words#@alp1990f#2161.122#2161.54"
"820	/	/	PUNCT	_	_	_	_	_	@alp1990f-words#@alp1990f#2161.54#2161.958"
"821	вот	вот	PART	_	_	_	_	_	@alp1990f-words#@alp1990f#2161.958#2162.376"
"822	ты	ты	PRON	_	Case=Nom|Number=Sing|Person=2	_	_	_	@alp1990f-words#@alp1990f#2162.376#2162.794"
"823	мм	мм	NOUN	_	Animacy=Inan|Case=Nom|Gender=Masc|Number=Sing	_	_	_	@alp1990f-words#@alp1990f#2162.794#2163.212"
"824	там	там	ADV	_	Degree=Pos	_	_	_	@alp1990f-words#@alp1990f#2163.212#2163.63"
"825	на	на	ADP	_	_	_	_	_	@alp1990f-words#@alp1990f#2163.63#2164.048"
"826	воображение	воображение	NOUN	_	Animacy=Inan|Case=Acc|Gender=Neut|Number=Sing	_	_	_	@alp1990f-words#@alp1990f#2164.048#2164.466"
"827	/	/	PUNCT	_	_	_	_	_	@alp1990f-words#@alp1990f#2164.466#2164.884"
"828	то	то	PRON	_	Animacy=Inan|Case=Nom|Gender=Neut|Number=Sing	_	_	_	@alp1990f-words#@alp1990f#2164.884#2165.302"
"829	есть	быть	VERB	_	Aspect=Imp|Mood=Ind|Number=Sing|Person=3|Tense=Pres|VerbForm=Fin|Voice=Act	_	_	_	@alp1990f-words#@alp1990f#2165.302#2165.72"
"830	ты	ты	PRON	_	Case=Nom|Number=Sing|Person=2	_	_	_	@alp1990f-words#@alp1990f#2165.72#2166.138"
"831	там	там	ADV	_	Degree=Pos	_	_	_	@alp1990f-words#@alp1990f#2166.138#2166.556"
"832	сидишь	сидеть	VERB	_	Aspect=Imp|Mood=Ind|Number=Sing|Person=2|Tense=Pres|VerbForm=Fin|Voice=Act	_	_	_	@alp1990f-words#@alp1990f#2166.556#2166.974"
"833	/	/	PUNCT	_	_	_	_	_	@alp1990f-words#@alp1990f#2166.974#2167.392"
"834	и	и	CCONJ	_	_	_	_	_	@alp1990f-words#@alp1990f#2167.392#2167.81"
"835	сначала	сначала	ADV	_	Degree=Pos	_	_	_	@alp1990f-words#@alp1990f#2167.81#2168.228"
"836	нужно	нужно	PRED	_	Degree=Pos|Gender=Neut|Number=Sing|Variant=Short	_	_	_	@alp1990f-words#@alp1990f#2168.228#2168.646"
"837	/	/	PUNCT	_	_	_	_	_	@alp1990f-words#@alp1990f#2168.646#2169.064"
"838	ну	ну	PART	_	_	_	_	_	@alp1990f-words#@alp1990f#2169.064#2169.482"
"839	расслабиться	расслабиться	VERB	_	Aspect=Perf|VerbForm=Inf|Voice=Mid	_	_	_	@alp1990f-words#@alp1990f#2169.482#2169.9"
"840	полностью	полностью	ADV	_	Degree=Pos	_	_	_	@alp1990f-words#@alp1990f#2169.9#2170.34"
"841	потом	потом	ADV	_	Degree=Pos	_	_	_	@alp1990f-words#@alp1990f#2170.68#2171.027"
"842	/	/	PUNCT	_	_	_	_	_	@alp1990f-words#@alp1990f#2171.027#2171.374"
"843	я	я	PRON	_	Case=Nom|Number=Sing|Person=1	_	_	_	@alp1990f-words#@alp1990f#2171.374#2171.721"
"844	сейчас	сейчас	ADV	_	Degree=Pos	_	_	_	@alp1990f-words#@alp1990f#2171.721#2172.068"
"845	уже	уже	ADV	_	Degree=Pos	_	_	_	@alp1990f-words#@alp1990f#2172.068#2172.415"
"846	плохо	плохо	ADV	_	Degree=Pos	_	_	_	@alp1990f-words#@alp1990f#2172.415#2172.762"
"847	помню	помнить	VERB	_	Aspect=Imp|Mood=Ind|Number=Sing|Person=1|Tense=Pres|VerbForm=Fin|Voice=Act	_	_	_	@alp1990f-words#@alp1990f#2172.762#2173.109"
"848	эмм	эмм	NOUN	_	Animacy=Inan|Case=Acc|Gender=Masc|Number=Sing	_	_	_	@alp1990f-words#@alp1990f#2173.109#2173.456"
"849	как	как	ADV	_	Degree=Pos	_	_	_	@alp1990f-words#@alp1990f#2173.456#2173.803"
"850	это	это	PRON	_	Animacy=Inan|Case=Nom|Gender=Neut|Number=Sing	_	_	_	@alp1990f-words#@alp1990f#2173.803#2174.15"
"851	/	/	PUNCT	_	_	_	_	_	@alp1990f-words#@alp1990f#2174.15#2174.497"
"852	может	мочь	VERB	_	Aspect=Imp|Mood=Ind|Number=Sing|Person=3|Tense=Pres|VerbForm=Fin|Voice=Act	_	_	_	@alp1990f-words#@alp1990f#2174.497#2174.844"
"853	быть	быть	VERB	_	Aspect=Imp|VerbForm=Inf|Voice=Act	_	_	_	@alp1990f-words#@alp1990f#2174.844#2175.191"
"854	я	я	PRON	_	Case=Nom|Number=Sing|Person=1	_	_	_	@alp1990f-words#@alp1990f#2175.191#2175.538"
"855	что-то	что-то	PRON	_	Case=Nom	_	_	_	@alp1990f-words#@alp1990f#2175.538#2175.885"
"856	упущу	упустить	VERB	_	Aspect=Perf|Mood=Ind|Number=Sing|Person=1|Tense=Fut|VerbForm=Fin|Voice=Act	_	_	_	@alp1990f-words#@alp1990f#2175.885#2176.232"
"857	/	/	PUNCT	_	_	_	_	_	@alp1990f-words#@alp1990f#2176.232#2176.579"
"858	но	но	CCONJ	_	_	_	_	_	@alp1990f-words#@alp1990f#2176.579#2176.926"
"859	примерно	примерно	ADV	_	Degree=Pos	_	_	_	@alp1990f-words#@alp1990f#2176.926#2177.273"
"860	/	/	PUNCT	_	_	_	_	_	@alp1990f-words#@alp1990f#2177.273#2177.62"
"861	что	что	PRON	_	Case=Acc	_	_	_	@alp1990f-words#@alp1990f#2177.62#2177.967"
"862	ты	ты	PRON	_	Case=Nom|Number=Sing|Person=2	_	_	_	@alp1990f-words#@alp1990f#2177.967#2178.314"
"863	сидишь	сидеть	VERB	_	Aspect=Imp|Mood=Ind|Number=Sing|Person=2|Tense=Pres|VerbForm=Fin|Voice=Act	_	_	_	@alp1990f-words#@alp1990f#2178.314#2178.661"
"864	/	/	PUNCT	_	_	_	_	_	@alp1990f-words#@alp1990f#2178.661#2179.008"
"865	расслабляешься	расслабляться	VERB	_	Aspect=Imp|Mood=Ind|Number=Sing|Person=2|Tense=Pres|VerbForm=Fin|Voice=Mid	_	_	_	@alp1990f-words#@alp1990f#2179.008#2179.355"
"866	/	/	PUNCT	_	_	_	_	_	@alp1990f-words#@alp1990f#2179.355#2179.702"
"867	представляешь	представлять	VERB	_	Aspect=Imp|Mood=Ind|Number=Sing|Person=2|Tense=Pres|VerbForm=Fin|Voice=Act	_	_	_	@alp1990f-words#@alp1990f#2179.702#2180.049"
"868	что	что	SCONJ	_	_	_	_	_	@alp1990f-words#@alp1990f#2180.049#2180.396"
"869	у	у	ADP	_	_	_	_	_	@alp1990f-words#@alp1990f#2180.396#2180.743"
"870	тебя	ты	PRON	_	Case=Gen|Number=Sing|Person=2	_	_	_	@alp1990f-words#@alp1990f#2180.743#2181.09"
"871	вместо	вместо	ADP	_	_	_	_	_	@alp1990f-words#@alp1990f#2181.09#2181.437"
"872	мозга	мозг	NOUN	_	Animacy=Inan|Case=Gen|Gender=Masc|Number=Sing	_	_	_	@alp1990f-words#@alp1990f#2181.437#2181.784"
"873	вата	вата	NOUN	_	Animacy=Inan|Case=Gen|Gender=Masc|Number=Sing	_	_	_	@alp1990f-words#@alp1990f#2181.784#2182.14"
"874	а	а	CCONJ	_	_	_	_	_	@alp1990f-words#@alp1990f#2186.52#2186.767"
"875	потом	потом	ADV	_	Degree=Pos	_	_	_	@alp1990f-words#@alp1990f#2186.767#2187.014"
"876	/	/	PUNCT	_	_	_	_	_	@alp1990f-words#@alp1990f#2187.014#2187.261"
"877	а	а	CCONJ	_	_	_	_	_	@alp1990f-words#@alp1990f#2187.261#2187.508"
"878	потом	потом	ADV	_	Degree=Pos	_	_	_	@alp1990f-words#@alp1990f#2187.508#2187.755"
"879	#смеется#	#смеется#	NOUN	_	Animacy=Inan|Case=Gen|Gender=Fem|Number=Sing	_	_	_	@alp1990f-words#@alp1990f#2187.755#2188.002"
"880	а	а	CCONJ	_	_	_	_	_	@alp1990f-words#@alp1990f#2188.002#2188.249"
"881	потом	потом	ADV	_	Degree=Pos	_	_	_	@alp1990f-words#@alp1990f#2188.249#2188.496"
"882	ты	ты	PRON	_	Case=Nom|Number=Sing|Person=2	_	_	_	@alp1990f-words#@alp1990f#2188.496#2188.743"
"883	как	как	ADV	_	Degree=Pos	_	_	_	@alp1990f-words#@alp1990f#2188.743#2188.99"
"884	бы	бы	PART	_	_	_	_	_	@alp1990f-words#@alp1990f#2188.99#2189.237"
"885	представляешь	представлять	VERB	_	Aspect=Imp|Mood=Ind|Number=Sing|Person=2|Tense=Pres|VerbForm=Fin|Voice=Act	_	_	_	@alp1990f-words#@alp1990f#2189.237#2189.484"
"886	что	что	SCONJ	_	_	_	_	_	@alp1990f-words#@alp1990f#2189.484#2189.731"
"887	у	у	ADP	_	_	_	_	_	@alp1990f-words#@alp1990f#2189.731#2189.978"
"888	тебя	ты	PRON	_	Case=Gen|Number=Sing|Person=2	_	_	_	@alp1990f-words#@alp1990f#2189.978#2190.225"
"889	по	по	ADP	_	_	_	_	_	@alp1990f-words#@alp1990f#2190.225#2190.472"
"890	телу	тело	NOUN	_	Animacy=Inan|Case=Dat|Gender=Neut|Number=Sing	_	_	_	@alp1990f-words#@alp1990f#2190.472#2190.719"
"891	/	/	PUNCT	_	_	_	_	_	@alp1990f-words#@alp1990f#2190.719#2190.966"
"892	по	по	ADP	_	_	_	_	_	@alp1990f-words#@alp1990f#2190.966#2191.213"
"893	всему	все	PRON	_	Animacy=Inan|Case=Dat|Gender=Neut|Number=Sing	_	_	_	@alp1990f-words#@alp1990f#2191.213#2191.46"
"894	/	/	PUNCT	_	_	_	_	_	@alp1990f-words#@alp1990f#2191.46#2191.707"
"895	много	много	ADV	_	Degree=Pos	_	_	_	@alp1990f-words#@alp1990f#2191.707#2191.954"
"896	много	много	ADV	_	Degree=Pos	_	_	_	@alp1990f-words#@alp1990f#2191.954#2192.201"
"897	всяких	всякий	DET	_	Case=Gen|Number=Plur	_	_	_	@alp1990f-words#@alp1990f#2192.201#2192.448"
"898	тараканчиков	тараканчик	NOUN	_	Animacy=Anim|Case=Gen|Gender=Masc|Number=Plur	_	_	_	@alp1990f-words#@alp1990f#2192.448#2192.695"
"899	бегает	бегать	VERB	_	Aspect=Imp|Mood=Ind|Number=Sing|Person=3|Tense=Pres|VerbForm=Fin|Voice=Act	_	_	_	@alp1990f-words#@alp1990f#2192.695#2192.96"
"900	и	и	PART	_	_	_	_	_	@alp1990f-words#@alp1990f#2195.0#2195.246"
"901	#смеется#	#смеется#	NOUN	_	Animacy=Inan|Case=Gen|Gender=Fem|Number=Sing	_	_	_	@alp1990f-words#@alp1990f#2195.246#2195.492"
"902	и	и	CCONJ	_	_	_	_	_	@alp1990f-words#@alp1990f#2195.492#2195.738"
"903	у	у	ADP	_	_	_	_	_	@alp1990f-words#@alp1990f#2195.738#2195.984"
"904	тебя	ты	PRON	_	Case=Gen|Number=Sing|Person=2	_	_	_	@alp1990f-words#@alp1990f#2195.984#2196.23"
"905	начинает	начинать	VERB	_	Aspect=Imp|Mood=Ind|Number=Sing|Person=3|Tense=Pres|VerbForm=Fin|Voice=Act	_	_	_	@alp1990f-words#@alp1990f#2196.23#2196.476"
"906	как	как	ADV	_	Degree=Pos	_	_	_	@alp1990f-words#@alp1990f#2196.476#2196.722"
"907	бы	бы	PART	_	_	_	_	_	@alp1990f-words#@alp1990f#2196.722#2196.968"
"908	включаться	включаться	VERB	_	Aspect=Imp|VerbForm=Inf|Voice=Mid	_	_	_	@alp1990f-words#@alp1990f#2196.968#2197.214"
"909	/	/	PUNCT	_	_	_	_	_	@alp1990f-words#@alp1990f#2197.214#2197.46"
"910	физика	физика	NOUN	_	Animacy=Inan|Case=Nom|Gender=Fem|Number=Sing	_	_	_	@alp1990f-words#@alp1990f#2197.46#2197.706"
"911	/	/	PUNCT	_	_	_	_	_	@alp1990f-words#@alp1990f#2197.706#2197.952"
"912	чт...	чт...	PROPN	_	Animacy=Anim|Case=Dat|Gender=Fem|Number=Sing	_	_	_	@alp1990f-words#@alp1990f#2197.952#2198.198"
"913	ну	ну	PART	_	_	_	_	_	@alp1990f-words#@alp1990f#2198.198#2198.444"
"914	как	как	ADV	_	Degree=Pos	_	_	_	@alp1990f-words#@alp1990f#2198.444#2198.69"
"915	бы	бы	PART	_	_	_	_	_	@alp1990f-words#@alp1990f#2198.69#2198.936"
"916	ты	ты	PRON	_	Case=Nom|Number=Sing|Person=2	_	_	_	@alp1990f-words#@alp1990f#2198.936#2199.182"
"917	уже	уже	ADV	_	Degree=Pos	_	_	_	@alp1990f-words#@alp1990f#2199.182#2199.428"
"918	немножко	немножко	ADV	_	Degree=Pos	_	_	_	@alp1990f-words#@alp1990f#2199.428#2199.674"
"919	э	э	INTJ	_	_	_	_	_	@alp1990f-words#@alp1990f#2199.674#2199.92"
"920	ну	ну	PART	_	_	_	_	_	@alp1990f-words#@alp1990f#2199.92#2200.166"
"921	во-первых	во-первых	ADP	_	_	_	_	_	@alp1990f-words#@alp1990f#2200.166#2200.412"
"923	у	у	ADP	_	_	_	_	_	@alp1990f-words#@alp1990f#2200.658#2200.904"
"924	тебя	ты	PRON	_	Case=Gen|Number=Sing|Person=2	_	_	_	@alp1990f-words#@alp1990f#2200.904#2201.15"
"925	этот	этот	DET	_	Case=Nom|Gender=Masc|Number=Sing	_	_	_	@alp1990f-words#@alp1990f#2201.15#2201.396"
"926	ватный	ватный	ADJ	_	Case=Nom|Degree=Pos|Gender=Masc|Number=Sing	_	_	_	@alp1990f-words#@alp1990f#2201.396#2201.642"
"927	мозг	мозг	NOUN	_	Animacy=Inan|Case=Nom|Gender=Masc|Number=Sing	_	_	_	@alp1990f-words#@alp1990f#2201.642#2201.888"
"928	/	/	PUNCT	_	_	_	_	_	@alp1990f-words#@alp1990f#2201.888#2202.134"
"929	и	и	CCONJ	_	_	_	_	_	@alp1990f-words#@alp1990f#2202.134#2202.38"
"930	/	/	PUNCT	_	_	_	_	_	@alp1990f-words#@alp1990f#2202.38#2202.626"
"931	и	и	CCONJ	_	_	_	_	_	@alp1990f-words#@alp1990f#2202.626#2202.872"
"932	тебя	ты	PRON	_	Case=Acc|Number=Sing|Person=2	_	_	_	@alp1990f-words#@alp1990f#2202.872#2203.118"
"933	начинает	начинать	VERB	_	Aspect=Imp|Mood=Ind|Number=Sing|Person=3|Tense=Pres|VerbForm=Fin|Voice=Act	_	_	_	@alp1990f-words#@alp1990f#2203.118#2203.364"
"934	колбасить	колбасить	VERB	_	Aspect=Imp|VerbForm=Inf|Voice=Act	_	_	_	@alp1990f-words#@alp1990f#2203.364#2203.61"
"935	/	/	PUNCT	_	_	_	_	_	@alp1990f-words#@alp1990f#2203.61#2203.856"
"936	и	и	CCONJ	_	_	_	_	_	@alp1990f-words#@alp1990f#2203.856#2204.102"
"937	как-то	как-то	ADV	_	Degree=Pos	_	_	_	@alp1990f-words#@alp1990f#2204.102#2204.348"
"938	уже	уже	ADV	_	Degree=Pos	_	_	_	@alp1990f-words#@alp1990f#2204.348#2204.594"
"939	само	сам	ADJ	_	Case=Nom|Degree=Pos|Gender=Neut|Number=Sing	_	_	_	@alp1990f-words#@alp1990f#2204.594#2204.84"
"940	подключается	подключаться	VERB	_	Aspect=Imp|Mood=Ind|Number=Sing|Person=3|Tense=Pres|VerbForm=Fin|Voice=Mid	_	_	_	@alp1990f-words#@alp1990f#2204.84#2205.086"
"941	/	/	PUNCT	_	_	_	_	_	@alp1990f-words#@alp1990f#2205.086#2205.332"
"942	ты	ты	PRON	_	Case=Nom|Number=Sing|Person=2	_	_	_	@alp1990f-words#@alp1990f#2205.332#2205.578"
"943	уже	уже	ADV	_	Degree=Pos	_	_	_	@alp1990f-words#@alp1990f#2205.578#2205.824"
"944	не	не	PART	_	_	_	_	_	@alp1990f-words#@alp1990f#2205.824#2206.07"
"945	думаешь	думать	VERB	_	Aspect=Perf|Mood=Ind|Number=Sing|Person=2|Tense=Fut|VerbForm=Fin|Voice=Act	_	_	_	@alp1990f-words#@alp1990f#2206.07#2206.316"
"946	об	о	ADP	_	_	_	_	_	@alp1990f-words#@alp1990f#2206.316#2206.562"
"947	этом	это	PRON	_	Animacy=Inan|Case=Loc|Gender=Neut|Number=Sing	_	_	_	@alp1990f-words#@alp1990f#2206.562#2206.808"
"948	/	/	PUNCT	_	_	_	_	_	@alp1990f-words#@alp1990f#2206.808#2207.054"
"949	ты	ты	PRON	_	Case=Nom|Number=Sing|Person=2	_	_	_	@alp1990f-words#@alp1990f#2207.054#2207.3"
"950	просто	просто	PART	_	_	_	_	_	@alp1990f-words#@alp1990f#2207.3#2207.546"
"951	какое-то	какой-то	DET	_	Case=Acc|Gender=Neut|Number=Sing	_	_	_	@alp1990f-words#@alp1990f#2207.546#2207.792"
"952	время	время	NOUN	_	Animacy=Inan|Case=Acc|Gender=Neut|Number=Sing	_	_	_	@alp1990f-words#@alp1990f#2207.792#2208.038"
"953	сидишь	сидеть	VERB	_	Aspect=Imp|Mood=Ind|Number=Sing|Person=2|Tense=Pres|VerbForm=Fin|Voice=Act	_	_	_	@alp1990f-words#@alp1990f#2208.038#2208.284"
"954	так	так	ADV	_	Degree=Pos	_	_	_	@alp1990f-words#@alp1990f#2208.284#2208.53"
"955	/	/	PUNCT	_	_	_	_	_	@alp1990f-words#@alp1990f#2208.53#2208.776"
"956	а	а	CCONJ	_	_	_	_	_	@alp1990f-words#@alp1990f#2208.776#2209.022"
"957	потом	потом	ADV	_	Degree=Pos	_	_	_	@alp1990f-words#@alp1990f#2209.022#2209.268"
"958	все	все	PRON	_	Animacy=Anim|Case=Nom|Number=Plur	_	_	_	@alp1990f-words#@alp1990f#2209.268#2209.514"
"959	начали	начать	VERB	_	Aspect=Perf|Mood=Ind|Number=Plur|Tense=Past|VerbForm=Fin|Voice=Act	_	_	_	@alp1990f-words#@alp1990f#2209.514#2209.76"
"960	/	/	PUNCT	_	_	_	_	_	@alp1990f-words#@alp1990f#2209.76#2210.006"
"961	и	и	CCONJ	_	_	_	_	_	@alp1990f-words#@alp1990f#2210.006#2210.252"
"962	ты	ты	PRON	_	Case=Nom|Number=Sing|Person=2	_	_	_	@alp1990f-words#@alp1990f#2210.252#2210.498"
"963	начинаешь	начинать	VERB	_	Aspect=Imp|Mood=Ind|Number=Sing|Person=2|Tense=Pres|VerbForm=Fin|Voice=Act	_	_	_	@alp1990f-words#@alp1990f#2210.498#2210.744"
"964	это	это	PRON	_	Animacy=Inan|Case=Acc|Gender=Neut|Number=Sing	_	_	_	@alp1990f-words#@alp1990f#2210.744#2210.99"
"965	просто	просто	PART	_	_	_	_	_	@alp1990f-words#@alp1990f#2210.99#2211.236"
"966	делать	делать	VERB	_	Aspect=Imp|VerbForm=Inf|Voice=Act	_	_	_	@alp1990f-words#@alp1990f#2211.236#2211.5"
"967	тебя	ты	PRON	_	Case=Acc|Number=Sing|Person=2	_	_	_	@alp1990f-words#@alp1990f#2211.86#2212.056"
"968	немножечко	немножечко	ADV	_	Degree=Pos	_	_	_	@alp1990f-words#@alp1990f#2212.056#2212.252"
"969	так	так	ADV	_	Degree=Pos	_	_	_	@alp1990f-words#@alp1990f#2212.252#2212.448"
"970	/	/	PUNCT	_	_	_	_	_	@alp1990f-words#@alp1990f#2212.448#2212.644"
"971	потряхивает	потряхивать	VERB	_	Aspect=Imp|Mood=Ind|Number=Sing|Person=3|Tense=Pres|VerbForm=Fin|Voice=Act	_	_	_	@alp1990f-words#@alp1990f#2212.644#2212.84"
"972	там	там	ADV	_	Degree=Pos	_	_	_	@alp1990f-words#@alp1990f#2212.84#2213.04"
